pc11_state_id,pc11_district_id,state_name,district_name,st_share,sc_share,ptg_share,tot_p,inc_5k_plus_share,ed_prim_share,land_own_share
1,1,jammu kashmir,kupwara,0.018420404985984743,0.0006079600781381428,0.0011317759608222519,598707.0,0.2734404501038153,0.5230960201262013,0.7911044211135154
1,2,jammu kashmir,badgam,0.006301737170675998,0.00021005193271424798,0.0024087506751305173,628640.0,0.2907366887443144,0.41251391338049015,0.786720107979077
1,3,jammu kashmir,leh ladakh,0.32588522190397434,0.0,0.001561257820999754,79109.0,0.49068128033677805,0.5542840736332592,0.8052407459342558
1,4,jammu kashmir,kargil,0.29898027595877646,8.98316240054512e-05,0.01149310412816703,110533.0,0.48037812242656946,0.5439887359142304,0.5918498677536845
1,5,jammu kashmir,punch,0.11682488080319565,0.00011964677855489964,0.004950968883863151,420760.0,0.2542014935218236,0.5038565506829935,0.8943222869187594
1,6,jammu kashmir,rajouri,0.12845619419123822,0.038889295895123424,0.004217597996435493,603954.0,0.2665232319099408,0.5063766974715456,0.9479001549783573
1,7,jammu kashmir,kathua,0.033275653047473666,0.07504471539520206,0.003898229824488763,518943.0,0.3699152403980617,0.5787228025988607,0.6686162208899671
1,8,jammu kashmir,baramula,0.012337489791459603,4.97506377425663e-05,0.0013492779169305476,687871.0,0.3407087095261851,0.49640492515770523,0.7816916114456512
1,9,jammu kashmir,bandipore,0.0932214356430644,0.0011306515798501465,0.002408599590934393,305612.0,0.3270343375814139,0.4430017329943486,0.5812447154974072
1,10,jammu kashmir,srinagar,0.03815895902953343,5.2924052579320004e-05,0.0,16645.0,0.28635554760694504,0.46815837621688844,0.5500604392029345
1,11,jammu kashmir,ganderbal,0.041835855584655024,0.0005106297633444337,0.009483403522088851,231881.0,0.3463957322362278,0.48278022836893797,0.7287536188242874
1,12,jammu kashmir,pulwama,0.008408963686190709,0.0015967145546887925,0.005333096074208783,442986.18345746765,0.36701317641847664,0.5361532586419118,0.783044699678077
1,13,jammu kashmir,shupiyan,0.004819770474335304,0.0003449397512450968,0.000993360105235504,227715.0,0.42021004741567125,0.4913768806246989,0.8930885635931557
1,14,jammu kashmir,anantnag,0.027913028424634213,0.000652660685595762,0.006165039335278227,637606.0,0.29710236461777184,0.48386013702497827,0.7761353472242126
1,15,jammu kashmir,kulgam,0.013342918044225816,0.0005640725695205593,0.0009864138844175702,332225.0,0.255702334406695,0.4845682775222622,0.8264621612904346
1,16,jammu kashmir,doda,0.026606934787141098,0.07113119783945986,0.008247425852312864,376156.0,0.2856136511239891,0.5288393704803905,0.9508530783062481
1,17,jammu kashmir,ramban,0.04485443078590238,0.024404568054164574,0.00038659748872659205,278207.0,0.17800486412914704,0.39384255947605973,0.9289313862291797
1,18,jammu kashmir,kishtwar,0.04903385229202198,0.015816850615562036,0.0023007292585867987,206045.0,0.1777884257491678,0.40352281524439254,0.8999415133028261
1,19,jammu kashmir,udhampur,0.03885535514041646,0.09410447499573507,0.0002523124716806873,446492.0,0.318610112551865,0.4867104483831778,0.898466895123938
1,20,jammu kashmir,reasi,0.07895048615721167,0.04808887647316759,0.0005672855831992976,267828.9898107715,0.22228434325431357,0.4075062485223924,0.9127700547384372
1,21,jammu kashmir,jammu,0.022698629849945907,0.1246389819279478,9.229434246351618e-05,738129.0,0.4500725814879735,0.6497128113235084,0.6609614339020707
1,22,jammu kashmir,samba,0.01901018468840106,0.11469190505447824,0.0009034264256901536,235696.0,0.4898686001447473,0.6482550803137126,0.7097066506590659
2,23,himachal pradesh,chamba,0.09839105613623836,0.06384974320367767,3.0091477196607926e-05,466373.0,0.30058192755156476,0.5543962323780992,0.8600741656785553
2,24,himachal pradesh,kangra,0.01930132110565482,0.06345867171884795,0.0,1365815.0,0.4890632243243817,0.7064488483496042,0.7984388834570858
2,25,himachal pradesh,lahul spiti,0.30446011825249747,0.02084124610186196,0.0,29054.0,0.45770960113463494,0.6137240982686097,0.7867593642180929
2,26,himachal pradesh,kullu,0.008329679700630454,0.08044572757583547,0.0,376530.5337740803,0.3162586319212226,0.6114001742997006,0.8291422647746518
2,27,himachal pradesh,mandi,0.004513744502900905,0.07391153968962125,0.0,917242.0,0.39072700156449947,0.6458031862379202,0.8622309273845785
2,28,himachal pradesh,hamirpur,0.002569252118507092,0.06643187152788313,0.0,423541.1344926426,0.6373419470004417,0.7531994353267798,0.836173937020957
2,29,himachal pradesh,una,0.008635038805104411,0.07505774235234378,0.0,460007.47713285807,0.5075242101323907,0.7289746660655477,0.8266431955567217
2,30,himachal pradesh,bilaspur,0.010851574528036492,0.07575049564358902,0.0,331008.0,0.49148768602249854,0.6949381390299478,0.8356237376710512
2,31,himachal pradesh,solan,0.006461450545844168,0.11520835446499281,0.0,441370.0,0.4225213930981836,0.6826341495551068,0.7779872600371274
2,32,himachal pradesh,sirmaur,0.0049891790210455375,0.09980316952593307,0.0,454963.0,0.3285674923686896,0.6159995128361245,0.8503691819860957
2,33,himachal pradesh,shimla,0.0021085296510657235,0.08274814471208472,0.0,597168.0977715733,0.46130790978293573,0.6953107042953974,0.8529562290352987
2,34,himachal pradesh,kinnaur,0.25150818622770527,0.06392735351658047,0.001442837777538493,74627.0,0.4177875814290301,0.6228335562333899,0.689395296224619
3,35,punjab,gurdaspur,1.789640564582534e-05,0.07684663493559458,0.00042179207063590814,244402.0,0.43645281107974904,0.5764472844296193,0.4148440670950402
3,36,punjab,kapurthala,0.0,0.13806629870546872,0.0,139018.0,0.45429642079238014,0.5575257919051431,0.43080737281597103
3,37,punjab,jalandhar,0.0,0.18969349807991862,0.0003615642529454252,243179.0,0.46724407909631405,0.6011749065615639,0.29447180111612614
3,38,punjab,hoshiarpur,0.00017716520314220316,0.1334415081272111,0.0014596820730942907,127354.0,0.48343913043775555,0.6193834504198695,0.3489401764408608
3,39,punjab,shahid bhagat singh nagar,2.680605587859778e-06,0.16140436976941094,0.006445673346162532,76165.0,0.493884922015493,0.5327932381795513,0.36011951591610286
3,40,punjab,fatehgarh sahib,0.0,0.11119928974396784,5.991863432952888e-05,58063.0,0.46875975437382644,0.5409125924947109,0.41702984200222765
3,40,punjab,patiala,0.0,0.0125795257999036,0.0,266.0,0.2783505119818592,0.6992481131302682,0.2749140916513823
3,41,punjab,ludhiana,0.0,0.06730683147907256,0.0,6051.0,0.3051863584667444,0.6215383446216584,0.4426795470714569
3,42,punjab,moga,1.2367308443299041e-05,0.12312684650458512,0.0011160403507120993,104071.0,0.4028472007121772,0.5105951568855646,0.43524411218656095
3,43,punjab,firozpur,3.830402997086809e-05,0.18238673876327927,0.0032088155956875703,238330.0,0.396162203200343,0.43690731854147197,0.46849699454654353
3,44,punjab,muktsar,0.0,0.1401802501846948,0.002183988571201112,71127.0,0.4094034939691232,0.41997777407282383,0.39912760466465663
3,45,punjab,faridkot,0.0,0.13026449606282475,0.0034007949721028136,85931.0,0.42242481244122326,0.46532301098844153,0.4346301015352179
3,46,punjab,bathinda,0.0,0.11030418240904732,3.4682477986358336e-05,123213.0,0.4176295169129752,0.4304337605726028,0.48996240549815306
3,47,punjab,mansa,0.0,0.114883069074204,0.0010887133639927967,72477.0,0.33445351444842186,0.40548674198759704,0.45581307843671875
3,48,punjab,patiala,0.0,0.09526053019648079,3.772779953628088e-05,227515.0,0.42729833389034705,0.4602844963743659,0.3775855494292414
3,49,punjab,amritsar,7.572602860781487e-06,0.0855227969797222,0.029163032023916364,198622.0,0.46644914026928347,0.4935809267297941,0.29781501494998414
3,50,punjab,tarn taran,5.363655904055296e-06,0.10008957919120094,0.0031145188966294436,209618.0,0.3718694200530994,0.4431685651178961,0.483729007068377
3,51,punjab,rupnagar,8.419342339038846e-05,0.0947465510971792,0.0022943756418195927,86456.0,0.4343068423064796,0.559417428908265,0.45900293866953645
3,52,punjab,rupnagar,0.0,0.0540560392694453,0.0,590.0,0.2679557981823689,0.881355950791957,0.2734806685816517
3,52,punjab,sahibzada ajit singh nagar,0.0,0.08921924758487876,0.0013832340646991142,85603.0,0.42940066718385395,0.5630963686077545,0.39868840423697327
3,53,punjab,sangrur,6.709653309773797e-06,0.10225881425619834,0.0009289751266778383,275485.0,0.413214287904893,0.4910155675521721,0.4331243968503998
3,54,punjab,barnala,0.0,0.10092529407625415,0.0,30942.0,0.43475765350167866,0.46934471223965163,0.4510373767526423
4,55,chandigarh,chandigarh,0.0,0.0578908987249458,0.0,21593.0,0.4548455888633705,0.606817017038032,0.0417556816486471
5,56,uttarakhand,uttarkashi,0.0014805141117476303,0.08546118113901169,0.00016674556608461282,32672.164634146342,0.15798744174841084,0.4887376111202563,0.7803925802103449
5,57,uttarakhand,chamoli,0.009108981908453146,0.04748082823513841,3.949821549365757e-05,81489.0,0.4023492495490265,0.6344061213136284,0.845154953699892
5,58,uttarakhand,rudraprayag,0.00023983936949879757,0.03765810485969051,4.947286780426359e-06,33681.0,0.4360732021549781,0.5894072471138758,0.8347527430556972
5,59,uttarakhand,tehri garhwal,0.0007302475619457377,0.04751212670236499,5.398433447193434e-05,51525.0,0.2746880204840275,0.5807824670856983,0.7914737505710577
5,60,uttarakhand,dehradun,0.12368674321798735,0.08051865052213267,0.0036800819199006665,97053.7370659107,0.30449257313653333,0.5191118700759428,0.5327492312713632
5,61,uttarakhand,garhwal,0.0002468919322171824,0.05324015308526597,0.0012249556760538804,130026.0,0.32947275990029806,0.5943358059779655,0.8425750478301512
5,62,uttarakhand,pithoragarh,0.013492059562026891,0.08754428550863684,9.91391285386291e-05,89020.0,0.34907204079121407,0.6031083946782541,0.9126368098228302
5,63,uttarakhand,bageshwar,0.002710810027528335,0.09447179732390451,0.00030304003032106974,46178.0,0.3358517238548975,0.6180656538969421,0.8305663039666206
5,64,uttarakhand,almora,0.00040920618043308954,0.06254930740716604,0.0037621069038777932,147159.0,0.22768908658123396,0.558400432587887,0.7991008651389548
5,65,uttarakhand,champawat,,,0.0005729613467104707,0.0,0.20055847382322192,,0.8666065746238485
5,66,uttarakhand,nainital,0.0025673920044507704,0.0758353397119552,0.0008379063088685015,96141.0,0.3104890745305563,0.6258418671530122,0.6292849317009077
5,67,uttarakhand,udham singh nagar,0.03335372100469691,0.051543117000789,0.002065400673633014,240409.0,0.35857895689768954,0.5585416248241751,0.42503055679674806
5,68,uttarakhand,hardwar,0.0007731786538784766,0.09501716927871258,0.0023122897857382626,253399.0,0.3320528512804544,0.46681741445704744,0.3372408936597038
6,69,haryana,ambala,0.0,0.0,0.0,1073.0,0.5875000074505806,0.5442683986159873,0.7812499925494194
6,69,haryana,panchkula,0.0,0.05707550958381034,4.215851658955e-06,224212.0,0.3630431950511411,0.5783843359351158,0.4477213034895249
6,70,haryana,ambala,1.785715352285481e-05,0.11049612868026558,6.095739602375839e-06,564965.0,0.4044701201380433,0.6370292915424793,0.34579019639617137
6,71,haryana,yamunanagar,0.0,0.10157854021780251,0.0,655987.0,0.34635851158790004,0.5848510519381691,0.3850118868072635
6,72,haryana,kurukshetra,0.0,0.07692225418917704,3.7072462131689052e-06,661942.0,0.4282778028528489,0.5781425749188038,0.38441422530704766
6,73,haryana,kaithal,0.0,0.07411617041295605,0.0,808976.0,0.382149704273395,0.5031731068862207,0.47534391091727285
6,74,haryana,karnal,1.148993356360303e-05,0.07270648390563066,4.650557218495707e-06,968883.0,0.3825253553734635,0.5551383649671807,0.38392912205675434
6,75,haryana,karnal,0.0,0.1163243148694285,0.0,8358.0,0.5205066281003458,0.5678392039671216,0.2563329323748772
6,75,haryana,panipat,0.0006281636473922723,0.052337378636790624,0.0,584386.0,0.3645428724588276,0.5669510533883746,0.347105382866041
6,76,haryana,sonipat,0.00056482221140643,0.04881011695554147,0.0,920638.0,0.4414348038211158,0.6209357676669379,0.4312478904105418
6,77,haryana,jind,0.0,0.06571777922334149,0.0,958769.0,0.38992159119496744,0.5343567998210589,0.5514383698503177
6,78,haryana,fatehabad,0.0,0.10613370672005021,0.0,720738.0,0.4009006653842105,0.46719537676320483,0.45294739407913215
6,79,haryana,sirsa,0.0,0.08059043411546507,2.5373245981487738e-05,900628.0,0.45178465166913073,0.5121268939132827,0.44603566750892915
6,80,haryana,hisar,6.628397827487878e-06,0.07173888791415567,8.380262773822349e-06,1131382.0,0.4049773637036031,0.5264565151071909,0.5568623516257062
6,81,haryana,bhiwani,4.486153540392202e-07,0.04905804876521669,0.0,1246194.0,0.41162159447686386,0.5706147331436839,0.6249477111930968
6,82,haryana,rohtak,0.0,0.05842265271609509,2.314011330035149e-05,585074.0,0.45491468130763785,0.6194989082973394,0.5244539286107269
6,83,haryana,jhajjar,0.0,0.055024867224580325,0.0,646368.0,0.4494680203518796,0.6370057052157693,0.5449214823921011
6,84,haryana,mahendragarh,0.0,0.04687840313390007,0.0,770892.0,0.4280063453875393,0.6173229945370788,0.5656129604422014
6,85,haryana,rewari,1.081055365034726e-05,0.0637013658869941,7.172983854658747e-06,642902.0,0.4706668498057765,0.6402360806265948,0.526326537586982
6,86,haryana,gurgaon,1.1282951728392694e-06,0.058196386694349976,1.7101910458579908e-05,441492.0,0.5439395166457244,0.6244672059876734,0.45778861634229145
6,86,haryana,mewat,0.0,0.0485562180697933,0.0,1926.0,0.1914191403650607,0.3026999086605797,0.4059405882563134
6,87,haryana,mewat,1.86381716048325e-06,0.018394398754858855,3.810975467786e-06,914858.0,0.3112361616837465,0.27010224012481077,0.3859316089838233
6,88,haryana,faridabad,6.254895680597836e-05,0.06428166554281625,0.0,356662.0,0.45070399820748996,0.5161785715912928,0.3452415290990594
6,89,haryana,palwal,1.754105367690773e-07,0.05714306977056264,0.0,785498.0,0.3620014084394517,0.46497929309095654,0.4377534844058293
7,90,nct of delhi,north west,0.0,0.0386333032623002,0.0,397193.0,0.697663247864445,0.7505947996933445,0.1299809179230739
7,91,nct of delhi,north west,0.0,0.0386333032623002,0.0,397193.0,0.697663247864445,0.7505947996933445,0.1299809179230739
7,92,nct of delhi,north west,0.0,0.0386333032623002,0.0,397193.0,0.697663247864445,0.7505947996933445,0.1299809179230739
7,93,nct of delhi,north west,0.0,0.0386333032623002,0.0,397193.0,0.697663247864445,0.7505947996933445,0.1299809179230739
7,94,nct of delhi,north west,0.0,0.0386333032623002,0.0,397193.0,0.697663247864445,0.7505947996933445,0.1299809179230739
7,95,nct of delhi,north west,0.0,0.0386333032623002,0.0,397193.0,0.697663247864445,0.7505947996933445,0.1299809179230739
7,96,nct of delhi,north west,0.0,0.0386333032623002,0.0,397193.0,0.697663247864445,0.7505947996933445,0.1299809179230739
7,97,nct of delhi,north west,0.0,0.0386333032623002,0.0,397193.0,0.697663247864445,0.7505947996933445,0.1299809179230739
7,98,nct of delhi,north west,0.0,0.0386333032623002,0.0,397193.0,0.697663247864445,0.7505947996933445,0.1299809179230739
8,99,rajasthan,ganganagar,0.0008968049958001983,0.13612168736850858,1.8598925279511275e-05,219643.0,0.35591054666223393,0.44811981282357466,0.5100874267495358
8,100,rajasthan,hanumangarh,0.001159230664933356,0.09169204784262348,0.0,469154.0,0.39918383882625774,0.4390465283190247,0.6882617695464014
8,101,rajasthan,bikaner,0.0019927996480381153,0.07977621516935557,0.00043012124760804545,203052.0,0.2607591380555707,0.2713396064380011,0.6364917585231477
8,102,rajasthan,churu,0.003272529507008149,0.07609038035668517,0.0,193871.0,0.26587466623027367,0.31789478233961127,0.8058415749360884
8,103,rajasthan,jhunjhunun,0.006570506295162598,0.04644913571230234,9.091433473428775e-05,428911.8637480519,0.4965932494165858,0.5406831999718565,0.8080430966595912
8,104,rajasthan,alwar,0.03182345339402305,0.04753588176534984,0.0013796017218062615,660693.8570474281,0.3774248841255172,0.41904479000675665,0.6394026490074667
8,104,rajasthan,jaipur,0.0780814811587333,0.0131737704376702,0.0,231.0,0.3593380639316342,0.4285714293455148,0.5886524784649517
8,105,rajasthan,bharatpur,0.009431203274926478,0.06290955549176279,8.803372276587329e-05,269184.0,0.34023172210452074,0.37257343809445104,0.6449718932100461
8,106,rajasthan,dhaulpur,0.023374305954272742,0.06634472437685815,3.609280429135215e-05,243452.05803908428,0.2217908795820541,0.32713610739290866,0.5414185135584508
8,107,rajasthan,karauli,0.08581829066734388,0.07422294388514362,0.004383538887559585,163662.2857888069,0.25156913251966123,0.3355128516601589,0.5320567079160171
8,108,rajasthan,sawai madhopur,0.08732791818883215,0.07326788475770468,0.00011731439609931242,144869.0,0.20883057325029453,0.30346236138380156,0.6057862986888568
8,109,rajasthan,dausa,0.10779633729283637,0.06936432083689548,0.0006348598499234513,212994.9302536232,0.28061289147622964,0.38781051822758245,0.6474942912241117
8,109,rajasthan,jaipur,0.07449579644048669,0.05301311329705455,0.0,1737.0,0.4064353380225552,0.45107873622315675,0.6260378691738137
8,110,rajasthan,dausa,0.09725636620812819,0.027896444227177918,0.0,1923.0,0.3137153253250179,0.3758893991992887,0.7400890030118815
8,110,rajasthan,jaipur,0.0517589730197714,0.052139788911199976,0.0018661339491773097,479692.0,0.3221215762044361,0.40188124228286376,0.6530139851733797
8,111,rajasthan,sikar,0.009775524900168944,0.04837998649484047,3.274201367616702e-06,507140.8919389968,0.46061484337632363,0.47368245102680384,0.7499015955909422
8,112,rajasthan,nagaur,0.0011856888918828998,0.06500272617966286,9.02039674768603e-05,812066.6271807179,0.32691706869134696,0.360363841962639,0.7680873986345701
8,113,rajasthan,jodhpur,0.011795218441021667,0.05280599120524254,0.000982498349526262,305422.9444067738,0.34811434751424286,0.2790165128845116,0.7803465865299926
8,114,rajasthan,jaisalmer,0.016412197714348497,0.03434513447257611,7.11520947176685e-05,58897.71295252887,0.28077164877689414,0.16455198406324878,0.41519461587843826
8,115,rajasthan,barmer,0.01822063182207522,0.048344706946805635,0.00033293858828927484,249049.03593576996,0.21849072109869921,0.23879895065702664,0.8089986269515287
8,116,rajasthan,jalor,0.03171759096063237,0.05865083937866718,0.001982306086820475,302169.66680983483,0.3078129992270644,0.24714233261643972,0.707914791614217
8,117,rajasthan,sirohi,0.11396423724300339,0.06540142964115155,4.000037102560255e-05,82022.0,0.2285557145170442,0.24529859436596232,0.585230216081139
8,118,rajasthan,pali,0.02043092270395399,0.0544665870744731,0.0016780175453501116,163840.22799224395,0.2980510623879851,0.32778504604317055,0.6062307784786564
8,119,rajasthan,ajmer,0.011982624213268676,0.04769746111834648,0.0,180163.9503717591,0.21932448736889706,0.30810772346837084,0.706810328826134
8,120,rajasthan,tonk,0.06705320812971398,0.06827016925953934,0.0008266482018751861,101358.27635612311,0.22824885433811667,0.31929404993572075,0.7227258617190443
8,121,rajasthan,bundi,0.09727957353903752,0.05737802575680246,1.5394088580824715e-05,121300.55090804599,0.12342066166148236,0.29437046201021955,0.5467456655138103
8,122,rajasthan,bhilwara,0.046278860249159344,0.04626672258254267,0.001990177449818182,532336.9411951498,0.14589037910434824,0.26170958146094975,0.7119018813929342
8,123,rajasthan,rajsamand,0.04446489236816513,0.03544933236184582,1.9335985595551855e-05,111173.83887819071,0.1955511372802043,0.3165746537360768,0.7103412226099832
8,124,rajasthan,banswara,0.3333333432674408,0.0,0.0,43.0,0.0136986300349235,0.1162790730595588,0.1643835604190826
8,124,rajasthan,dungarpur,0.250009854725387,0.008558782502294368,0.0010829041459214555,196014.50412226273,0.08566969670581645,0.24135373793648848,0.651324699175193
8,125,rajasthan,banswara,0.28986755453827423,0.010254416251962346,0.00028096960077587257,167659.07179281162,0.06202260467878194,0.200061633240823,0.7411383350624973
8,126,rajasthan,chittaurgarh,0.0685380261572593,0.0445057499617514,4.226266624521647e-05,147602.9728928214,0.1278648378539319,0.27914670919543083,0.6917825530785143
8,126,rajasthan,pratapgarh,0.14960892810657564,0.011459266934154333,0.0,312.875,0.08338041971782924,0.20607119727595247,0.6489888475037083
8,127,rajasthan,baran,0.17699648131584295,0.1239911811105136,0.0522263145138477,120.0,0.06629798420054725,0.4226750349947091,0.5707221668846203
8,127,rajasthan,kota,0.07224698185893086,0.0671790497690458,0.00025534126582997323,102767.72428154935,0.23882043870749686,0.3691968196518462,0.5301396208200853
8,128,rajasthan,baran,0.10709524416791497,0.05256707450123473,0.06621484978239504,108299.09880750933,0.19473337102157687,0.30703798700861284,0.5530644942779998
8,129,rajasthan,jhalawar,0.05584515443271598,0.04915746953521916,0.0036977143809982776,130036.00689655173,0.10722161320470344,0.2554600731968806,0.5649473140675876
8,130,rajasthan,udaipur,0.19628653643971194,0.010931190012639837,7.654647028819991e-05,299226.72332858574,0.10262329238353649,0.2308375125899513,0.6763428455024846
8,131,rajasthan,banswara,0.2158301620520362,0.0110665528580199,0.0,129.0,0.0679886695050315,0.3255814045898674,0.0991501398279038
8,131,rajasthan,pratapgarh,0.24750118887039613,0.01682444516154123,1.7400265409905414e-05,111641.69016578294,0.07434706627031418,0.22963231627209177,0.6919728130387501
9,132,uttar pradesh,saharanpur,4.7098090251034025e-05,0.06181162349369228,8.545506801222864e-06,436386.0,0.36532679274541624,0.37753314351163064,0.2759223964669588
9,133,uttar pradesh,muzaffarnagar,0.00016390629823682717,0.03468633425174404,6.99427863362766e-07,466399.0,0.48411739285128197,0.3826859217265863,0.34229781613828303
9,134,uttar pradesh,bijnor,0.0008582292134315323,0.09538114480524257,0.0010015655929526324,473828.0,0.31894593687531025,0.4982154232836922,0.4380354523967131
9,135,uttar pradesh,moradabad,7.460783622391025e-05,0.06589963114280585,0.002185379935233572,903548.0,0.31938302410005337,0.3907459989247767,0.5140498350396059
9,136,uttar pradesh,rampur,0.00024749942953687415,0.04136255319238381,9.2764376405218e-06,551956.0,0.25259356780536213,0.2968573782602758,0.4464957149272114
9,137,uttar pradesh,jyotiba phule nagar,0.0009246402334497332,0.02886355990351928,0.008374280490590115,300662.0,0.360565516521008,0.49543832154891526,0.152289377903095
9,138,uttar pradesh,meerut,0.0005009771751636015,0.06480600988419764,0.0006871086919611728,413162.0,0.3911652081314109,0.5030462229690208,0.46237147644475335
9,139,uttar pradesh,baghpat,0.00020502184175111505,0.02133133620279733,2.5688180799727497e-05,195402.0,0.5935007817958393,0.5696913256593557,0.3736514895459934
9,140,uttar pradesh,ghaziabad,0.0002992086123932848,0.04599646877310932,1.637926976938864e-05,472415.0,0.45181426480525827,0.5367777368395913,0.43136082406384346
9,141,uttar pradesh,gautam buddha nagar,0.0004866454951345603,0.05448343057206856,0.0010422330863971443,247477.0,0.5210423196659506,0.5604740147411243,0.37277991834182267
9,142,uttar pradesh,bulandshahr,0.0002484040269717391,0.07235112042617801,0.0005476379174640143,696919.0,0.3407124517764627,0.4822342342643214,0.5635186781479246
9,143,uttar pradesh,aligarh,0.00023057643370299628,0.0782852172581387,0.000264499448075692,571127.0,0.28937466761173697,0.38431723784074096,0.5731143273922282
9,144,uttar pradesh,mahamaya nagar,0.00031101021824437496,0.0692671160126945,0.005011247412318126,470724.0,0.3503242069977497,0.5372654281475997,0.42675427222203316
9,145,uttar pradesh,mathura,0.0005854556848342583,0.056564289010771304,0.00018310519646552994,698814.0,0.37510738670288113,0.5162146583828888,0.5400130376021596
9,146,uttar pradesh,agra,0.0003725738093441627,0.06182998246416404,0.0006569796543310686,508290.0,0.40953154686742227,0.5236257219123881,0.5144129468038716
9,147,uttar pradesh,firozabad,0.00031219418492646706,0.06521748078022738,0.0,551208.0,0.28538310756756613,0.527706211645075,0.6105414533429563
9,148,uttar pradesh,mainpuri,0.00010839179971803246,0.06441809035014709,0.00042635609992923516,327178.0,0.19106276693182483,0.559167242343707,0.6667563327377221
9,149,uttar pradesh,budaun,0.000741008597176494,0.0549576533705452,0.006536885402136976,639774.0,0.21662524537260638,0.2926084102066293,0.6570260744153787
9,150,uttar pradesh,bareilly,0.0004283371943499373,0.04431179248051445,0.0018879548000447523,605932.0,0.2287281809709607,0.3559604087077115,0.5205516136594495
9,151,uttar pradesh,pilibhit,0.0005634490866526457,0.06134021527019101,3.916958780365607e-06,200490.0,0.2646482096569037,0.37274555961734485,0.6816048081941484
9,152,uttar pradesh,shahjahanpur,9.49763223938042e-05,0.05496758581649962,0.0,514835.0,0.20972169539640315,0.33750772328641065,0.5252036480632075
9,153,uttar pradesh,kheri,0.008760480453867266,0.10714236979516932,9.250243819212609e-05,889088.0,0.19411981578008566,0.34912621817507206,0.6040054278141713
9,154,uttar pradesh,sitapur,0.00021298068092851053,0.1324203273277175,0.00044363887431455754,876040.0,0.15401889265952295,0.31827173488735055,0.6598762811565668
9,155,uttar pradesh,hardoi,0.0009791756307167897,0.10406353966469425,0.00048291978949164887,752864.951268466,0.1762031631244356,0.4302776548586851,0.6602440420242269
9,156,uttar pradesh,unnao,0.0004942261114822585,0.11945443888022006,0.008019307746206805,471072.0,0.17420507802337196,0.39183096565227565,0.6697266574068577
9,157,uttar pradesh,lucknow,0.00041950857928368577,0.14811904291640682,5.2543442070322495e-05,343521.0,0.20277241777079572,0.37911210985667293,0.6130832404997603
9,158,uttar pradesh,rae bareli,0.0007311463319638908,0.10609548955905,6.231494342974367e-05,721805.0,0.24144176308826046,0.4004023797043422,0.6143704315458556
9,159,uttar pradesh,farrukhabad,0.00033703692913800187,0.049348468640660136,0.0,219718.0,0.23239034513018156,0.4392618844943786,0.6175500837487067
9,160,uttar pradesh,kannauj,3.529968936482413e-05,0.06391612642723077,2.9650714361306056e-06,245234.0,0.217580216406901,0.4977952796677537,0.72426660302462
9,161,uttar pradesh,etawah,0.00022102728134769554,0.0833340888036268,1.091565640225959e-05,223215.0,0.20110197457325363,0.5721858028000755,0.6716857223559894
9,162,uttar pradesh,auraiya,0.0009905710788555644,0.09611730938012397,0.001222013219452281,280645.0,0.2062054559556738,0.6332962311297187,0.5969871314954384
9,163,uttar pradesh,kanpur dehat,0.0013578374079947907,0.08447863048826741,1.934449476354025e-05,464015.0,0.18806239742663328,0.5953327644212372,0.5356785260195279
9,164,uttar pradesh,kanpur nagar,0.001041320768966472,0.07936470776077857,0.0027562871782781683,270624.0,0.18207870932024905,0.5806973244202512,0.41213041905104636
9,165,uttar pradesh,jalaun,0.0002882636234460567,0.0938703540422005,2.583308218848773e-05,226532.0,0.23441448469308632,0.5545383471241518,0.66996107264784
9,166,uttar pradesh,jhansi,0.002354346687692059,0.09457190407879858,2.7324841003039336e-05,224640.0,0.19746491494730445,0.5143207601685491,0.7081406256477438
9,167,uttar pradesh,lalitpur,0.01962707596231009,0.06576531311426777,0.00010563495258490215,156125.0,0.13746325946779672,0.34379819639741754,0.7911041886702362
9,168,uttar pradesh,hamirpur,0.00012418900869112936,0.07083685820559947,0.0,154476.0,0.1802511400016854,0.5058237972565423,0.6416469662739699
9,169,uttar pradesh,mahoba,0.0001256541649639165,0.10310219653353131,0.0,101651.0,0.178411019767083,0.366616463243455,0.725135258688293
9,170,uttar pradesh,banda,0.0005734013742451867,0.05428446922609746,0.0,287192.0,0.16676219411300147,0.46234255966593824,0.49750982344614597
9,171,uttar pradesh,chitrakoot,0.0006816374073052927,0.07198602569675401,0.00291604652496365,567603.0,0.19061097372280159,0.46938403221795816,0.5767762200751653
9,172,uttar pradesh,fatehpur,0.00019430707478717071,0.08471113618412084,2.3238053654495e-05,373361.8888151344,0.22326668963614793,0.42221116082209376,0.5644837821686451
9,173,uttar pradesh,pratapgarh,0.00039690118732043305,0.0663648220138342,1.1430336239830403e-05,727751.0,0.3587575285246674,0.5141718408716774,0.6860125705404962
9,174,uttar pradesh,kaushambi,0.00020498368484898083,0.10428332192447559,0.0031560527063750955,354509.0,0.18701101390415803,0.41737998100724727,0.3700629875530354
9,175,uttar pradesh,allahabad,0.0005440502400751865,0.07341424024514986,0.00015541734940112108,1107368.0,0.34014280031874555,0.4929792582625964,0.5080222927464754
9,176,uttar pradesh,bara banki,0.00036901541381294793,0.10057213870741485,0.00030377249909606976,867815.0,0.2152446002290291,0.32162989320316754,0.6332246234432798
9,177,uttar pradesh,faizabad,0.0007637431075070184,0.07643380930112592,8.189404418736642e-06,411665.0,0.3024975605939905,0.3993627475204551,0.7145875681259471
9,178,uttar pradesh,ambedkar nagar,0.0008315874531612153,0.0876052817483113,7.229089830656415e-06,473161.0,0.32803446500294164,0.49046406555732175,0.7459243483358104
9,179,uttar pradesh,sultanpur,0.000774942511208554,0.06933800653858847,0.002025993684230288,802426.0,0.33979992046882745,0.513890377490991,0.6087292992650891
9,180,uttar pradesh,bahraich,0.0011104931295256256,0.04511323780377896,8.287146038403788e-06,718425.0,0.13807359800733993,0.24300991361043556,0.5415523296772418
9,181,uttar pradesh,shrawasti,0.002489033470715371,0.05683420339975917,0.0002517049248457283,239901.0,0.22926516202134117,0.1721972326030339,0.7034753211273634
9,182,uttar pradesh,balrampur,0.007376220638714693,0.03760488665021321,1.7486553186934589e-06,345658.0,0.2879786935011276,0.18387272562033954,0.6055660986479893
9,183,uttar pradesh,gonda,0.0006421172526134118,0.05348996479126737,2.718300491013068e-05,726022.0,0.2769357919584335,0.29139244024721045,0.743750361104192
9,184,uttar pradesh,siddharthnagar,0.0012468251693918536,0.05631770475876562,0.0,524500.0,0.25556413885191825,0.2467829930667147,0.6934814591912362
9,185,uttar pradesh,basti,0.0026535618416968928,0.07209398337979009,6.307878673805808e-05,491677.0,0.2906968655648475,0.36889666765480283,0.7137446659810209
9,186,uttar pradesh,sant kabir nagar,0.0018825098055176126,0.07617239633575922,0.0,424042.0,0.2549719966492414,0.38905988659588653,0.6361546757842577
9,187,uttar pradesh,mahrajganj,0.0028612555677677747,0.0652470462178994,5.720996628760432e-06,444713.0,0.2435600419095628,0.3479155934551643,0.8161785177628954
9,188,uttar pradesh,gorakhpur,0.0022085405659761407,0.09223178951227595,3.118491917063845e-05,1005022.1742160278,0.3457808332591714,0.36188580966243633,0.5331631767086314
9,189,uttar pradesh,kushinagar,0.005659390204134368,0.06495935633154533,1.3311097702301773e-05,790882.0,0.3103317654714194,0.3024746951164479,0.7757231731075823
9,190,uttar pradesh,deoria,0.006618550263143907,0.06218622522746805,9.570385417246246e-06,893533.0,0.39143222556846263,0.4441151439254516,0.764538974260549
9,191,uttar pradesh,azamgarh,0.0013748759456287203,0.07627615924313956,0.0013856914769568214,1890550.0,0.3518024456295675,0.5758853313608878,0.7432612046499402
9,192,uttar pradesh,mau,0.0029090578623107975,0.08815435807089333,7.108580099329986e-06,486223.0,0.34770849964185063,0.5493180754586843,0.6488277055884412
9,193,uttar pradesh,ballia,0.008747118317930746,0.054819390875781596,5.139502762290906e-05,791282.0,0.31627304286838637,0.5130392640238226,0.49539909024525997
9,194,uttar pradesh,jaunpur,0.0018036689134077527,0.08001796666025131,0.010287740814680285,904151.0,0.3822642042677258,0.530525403947005,0.6258046206938397
9,195,uttar pradesh,ghazipur,0.002360374427797605,0.09012014084004173,0.0011640323645515586,712847.0,0.3213642656632439,0.5288657088617114,0.5954165647605267
9,196,uttar pradesh,chandauli,0.0023717660213426325,0.09540416941013942,5.041199495880451e-06,334276.0,0.24495464185005367,0.4920503007803707,0.38966838784209307
9,197,uttar pradesh,varanasi,0.0020614124461772443,0.05759227212225986,0.013628158917838591,699431.0,0.3397567385865829,0.5722325691956877,0.5038682877882974
9,198,uttar pradesh,sant ravidas nagar bhadohi,0.0013301460870233804,0.06802180190583676,0.006326026237090525,340926.0,0.330033990616449,0.5079003955266558,0.47637048781424474
9,199,uttar pradesh,mirzapur,0.0019180982162250182,0.09767897676705559,0.008681783094082853,440024.0,0.24164918136150462,0.48293363611450474,0.41139196322783206
9,200,uttar pradesh,sonbhadra,0.040661559519940056,0.09214110439596698,0.026220089864284573,341539.0,0.18084588729355006,0.4274073017589748,0.43499394307836164
9,201,uttar pradesh,etah,0.0001853554372730195,0.05314327633620297,3.2473437545322695e-06,365779.0,0.25023796856645536,0.35489790756519596,0.7423997765173586
9,202,uttar pradesh,kanshiram nagar,0.00028926462857472934,0.06024600876843837,0.0,472766.0,0.25342826104611454,0.34361280339455413,0.7221770943612407
10,203,bihar,pashchim champaran,0.04088330397799866,0.050953800972087515,0.0003214475702252421,3061739.0,0.2742800231375194,0.2526816583213502,0.2989632324045015
10,204,bihar,purba champaran,0.0014944535278730354,0.038798166721370035,0.0011607694523686465,4739653.223713647,0.2596010249854527,0.34206669090820035,0.3111312791205822
10,205,bihar,sheohar,0.00017985955181771575,0.04814474456997643,0.00021145435347847102,615123.0,0.22714625681175396,0.27160528952591734,0.32541544104371567
10,206,bihar,sitamarhi,0.0004824764030580546,0.0385399458972514,0.0005813287292113606,3195337.0,0.31261361750499883,0.24225827056857796,0.3493780119226214
10,207,bihar,madhubani,0.00046552182845268855,0.04535631129297536,0.0008716879198385103,4351926.0,0.2798596053305676,0.38886033859891517,0.3080584156138194
10,208,bihar,supaul,0.0013855957869233508,0.05031813241796531,0.00041096857215256426,2092565.0,0.22425494363350118,0.2627930229012127,0.4073286082918622
10,209,bihar,araria,0.006097594651725537,0.041753358180366594,0.00016146107208258182,2716065.0,0.15666708937621546,0.2594516548752865,0.30360716741133154
10,210,bihar,kishanganj,0.014869997135007678,0.021627553186762943,5.1290706659738286e-05,1305296.0,0.1906692438217628,0.23028278906718214,0.23600078229036214
10,211,bihar,purnia,0.016291647439140307,0.03349498923463385,0.00028800786868348025,2707535.0,0.20691572766385033,0.20189737270599017,0.3086096164119288
10,212,bihar,katihar,0.021777711087824263,0.025281772906663665,4.5172488596938754e-05,2503748.0,0.21526235534768803,0.28238631895583644,0.2676133193640886
10,213,bihar,madhepura,0.0017356518488994199,0.05333366172137195,0.00035950218023182246,1890691.0,0.2159697787332849,0.2459667211511533,0.46847658563469874
10,214,bihar,saharsa,0.0009700694235608417,0.06556810522507882,3.651551538096982e-05,1759608.0,0.21607893142626247,0.2261855040445803,0.3132587160620179
10,215,bihar,darbhanga,0.0004595905793281336,0.06000275786032603,0.0005043510476063263,3561471.0,0.24534372159896495,0.28776341944794764,0.26517325204657577
10,216,bihar,muzaffarpur,0.000817220434647922,0.051840907850384615,0.00037958250158344616,4185957.0,0.27983995174207504,0.34651931382866846,0.41773922906526423
10,217,bihar,gopalganj,0.010332840317407237,0.04003689946616395,7.852388116760533e-05,2422579.0,0.3690329755293103,0.44025753039846216,0.694162558397246
10,218,bihar,siwan,0.011522348939169346,0.038738765138204366,8.473852222850418e-05,3288578.0,0.4266455267019964,0.48060705109443225,0.6479507434828178
10,219,bihar,saran,0.004433389947958504,0.03675109103972818,0.000539326890792466,3388853.0,0.39663001158612665,0.45899439321078966,0.598216757976886
10,220,bihar,vaishali,0.0005039386877903892,0.07129473790492812,8.639414210052694e-05,3373550.0,0.26741285519171193,0.3858953214986207,0.32587538017162027
10,221,bihar,muzaffarpur,0.0,0.0765077801432438,0.0,835.0,0.2482785654145402,0.3724550978866166,0.790900372065507
10,221,bihar,samastipur,0.00024177530688869616,0.06836564017782597,0.0005257430343435664,4242941.0,0.3032400243109842,0.37919837922870925,0.3836012135361822
10,222,bihar,begusarai,0.0006128139575747052,0.0556993107395747,2.0373916110919437e-05,2160282.945923038,0.2634453289907112,0.3696613098529524,0.262935452924815
10,223,bihar,khagaria,0.00012480214024377612,0.05322824352710462,0.00021555400304054865,1614945.0,0.29245161166968375,0.2913365922700446,0.24416417267744064
10,224,bihar,bhagalpur,0.006352613598416312,0.038385429573673496,0.0011691436713250276,2245019.0,0.314153407345024,0.3912665579484357,0.2660881018627094
10,225,bihar,banka,0.02816509695693559,0.039980223491959364,0.00017028690494365592,1889190.0,0.16345000361238105,0.34984809423632107,0.5012466924100303
10,226,bihar,munger,0.019611641425962705,0.058112044587421814,0.0004411785456966652,881178.0,0.24680504877997558,0.38113998734930277,0.20920545903408333
10,227,bihar,lakhisarai,0.004715573440374078,0.05637487184826821,7.866760301880775e-05,811301.0,0.29718945006498637,0.3631724430890233,0.23416718343122406
10,228,bihar,sheikhpura,0.0006736106796191378,0.07931626678760495,7.051386310340966e-05,571469.0,0.2931032018534031,0.34892199565488174,0.3517102593945033
10,229,bihar,nalanda,0.00016384804028138662,0.0614460546509555,0.0001278698464072152,2677982.0,0.34829249183527566,0.3918210944423297,0.3663737900186678
10,230,bihar,patna,0.0004685256548189518,0.06359695681678577,0.0019488777563562779,3743919.0,0.32554117569387464,0.4163947370135477,0.22276309410340792
10,231,bihar,bhojpur,0.0018223862841040338,0.04761924024112899,0.0018668850326580661,2623472.0,0.3534391536664455,0.4901756699992073,0.3149025287379899
10,232,bihar,buxar,0.0051897260337339015,0.045209232115283896,0.0006380177801474908,1564580.0,0.3953138155665323,0.5592651898793827,0.32481019569079805
10,233,bihar,bhagalpur,3.007346789103969e-05,0.0136634179798111,0.0013228611519922,8475.0,0.193204535395999,0.3307374767673403,0.3704197335687977
10,233,bihar,kaimur bhabua,0.020622578491937382,0.07524735338373516,0.00010224485578124966,1520500.0,0.34408289525783115,0.4732279690851246,0.4540309154405063
10,233,bihar,samastipur,0.0,0.0198175357272329,0.0,2728.0,0.3956044060843331,0.2881231760917521,0.4967033011572701
10,234,bihar,rohtas,0.0058228898828390835,0.06613342741358279,0.0002793932218822722,2506376.0,0.3448888191363014,0.5242912118576505,0.43954434639994777
10,235,bihar,aurangabad,0.0011349202971521638,0.08165503385263717,7.997344447296804e-05,2140285.0,0.34626020579222094,0.47735565558112075,0.433936353622782
10,236,bihar,gaya,0.0004579603290338637,0.1283760020386257,0.0009184008577428827,3904375.0,0.29645182938910103,0.3397066372367849,0.43260246489983983
10,237,bihar,nawada,0.0003310700833354051,0.10455149864982025,9.32745050559958e-05,2305853.0,0.2512969282865944,0.2986340234738119,0.37489287198677085
10,238,bihar,jamui,0.04355311680983272,0.05235972174593992,0.00014690729285138758,1604504.0,0.22054693738900016,0.29050611181065933,0.5993209008413866
10,239,bihar,jehanabad,0.00027569880343968837,0.05631691609190208,0.0006885982421092676,1031390.0,0.2946970217294576,0.40203512503610006,0.4050287837377122
10,240,bihar,arwal,0.00035286983949036195,0.05927742260458519,0.00010670254656967222,684696.0,0.34312574918375405,0.46564309899177814,0.41983619656982935
11,241,sikkim,north district,0.2752039798972558,0.006524508470331995,0.0019069064113938633,29689.0,0.22934726070688696,0.5569552870429292,0.5707916086729692
11,242,sikkim,west district,0.13423561917487364,0.01281602692271131,0.0017453832987128957,126977.0,0.1978354982545481,0.5277444412277523,0.7154172076945294
11,243,sikkim,south district,0.08842283483433692,0.013383758622586388,0.00044982549972342334,110173.0,0.1961707601773564,0.5817074834094617,0.6955159452700447
11,244,sikkim,east district,0.10288829689441051,0.01751816205401074,0.0012981401288702107,137241.0,0.2976479480337155,0.6397332000105005,0.4921673244935575
12,245,arunachal pradesh,tawang,0.30630225340784156,0.0,0.00014364674441205035,25224.77940407051,0.17596217858056956,0.3256323354044032,0.522618944149218
12,246,arunachal pradesh,west kameng,0.2510175805961055,0.0,0.0003873652627540595,34417.289336080765,0.21891895528217986,0.3418691518044737,0.6385875640510819
12,247,arunachal pradesh,east kameng,0.31104168723862546,0.0,0.05851100927391364,60308.23291925466,0.2104377580694142,0.3557816950004455,0.8350501015839644
12,248,arunachal pradesh,papum pare,0.2758486745917016,0.0,0.0034021313801752663,25806.241269841274,0.3616653748303045,0.5383279722729848,0.37864897467345066
12,249,arunachal pradesh,upper subansiri,0.33046752589213996,0.0,0.2559521967685652,66858.52512859392,0.20946514356955126,0.5293437513558178,0.733234856663719
12,250,arunachal pradesh,west siang,0.3080678786931688,0.0,0.05737934034814785,27378.581818181818,0.23566773359722373,0.5329766627537438,0.6665533114407629
12,251,arunachal pradesh,east siang,0.2833265076158219,0.0,0.035981889006918684,64798.83225806452,0.30648253950592336,0.6211844552743745,0.5397265329353637
12,252,arunachal pradesh,upper siang,0.29685364144037585,0.0,0.029565786498875753,25301.46966763472,0.2005300179305405,0.4655191997561531,0.7110803008807829
12,253,arunachal pradesh,changlang,0.19079692749649207,0.0,0.02347817404459449,70762.5,0.23939535718330998,0.41907536045754484,0.5619506975892111
12,254,arunachal pradesh,tirap,0.30493809908040403,0.0,0.008414836340741616,92754.0,0.20225063020806433,0.4058521868322895,0.6788178423658888
12,255,arunachal pradesh,lower subansiri,0.3181280500738967,0.0,0.02391528871949855,64656.19096214797,0.3395331152254135,0.5616070423375177,0.501193669776141
12,256,arunachal pradesh,kurung kumey,0.3306598092747886,0.0,0.006304089927153251,49457.57472208919,0.19371495687083543,0.380129499378725,0.55421872326823
12,257,arunachal pradesh,dibang valley,0.32004090085961767,0.0,0.01052631594632801,745.0,0.18280954291497853,0.5045918242637079,0.47163363103579753
12,258,arunachal pradesh,lower dibang valley,0.2110587381959964,0.0,0.009589369390310161,24006.180089785274,0.2117139187398178,0.48957341730379683,0.41621495883894954
12,259,arunachal pradesh,anjaw,0.3217630921439691,0.0,0.0,264.0,0.0425531905382237,0.3106060617349364,0.9574468211924776
12,259,arunachal pradesh,lohit,0.1636348691151546,3.300373546196208e-06,0.004091574354041591,110663.43332097413,0.19456128279521168,0.4462874897174425,0.6194144159733445
12,260,arunachal pradesh,anjaw,0.3162396775044193,0.0031414851042434653,0.009664125122100468,18747.375,0.2431322678844191,0.3160331091288663,0.8573763008110548
12,260,arunachal pradesh,lohit,0.3333333432674408,0.0,0.0,35.0,0.3750000037252903,0.0571428562913622,1.0
13,261,nagaland,mon,0.32102948204356796,3.922603514712844e-06,0.0033747762531118604,224974.0,0.12397918323350529,0.31152237685063366,0.5911952814933013
13,262,nagaland,mokokchung,0.3129078819373923,5.1277749056072916e-05,5.056634351300625e-05,140949.0,0.37029543201208753,0.7079333188341582,0.6506891610019293
13,263,nagaland,zunheboto,0.3319065009810283,0.0007263808805416616,0.00019406722705872295,117441.0,0.36480679317082226,0.6576022313254495,0.5962801367253889
13,264,nagaland,wokha,0.3204944296257423,0.0,0.001737309860962523,126669.0,0.2405805007216959,0.6847485252857378,0.6870530190651111
13,265,nagaland,dimapur,0.26087752571063444,8.721980859762745e-06,5.0446222851081865e-05,168681.0,0.35619327893688335,0.6307725057125614,0.48553237732530585
13,266,nagaland,phek,0.32951266593894335,4.809111660771068e-05,0.007629973408482537,135296.0,0.2379157487914122,0.530133058791389,0.8842235362066441
13,267,nagaland,tuensang,0.3321222283675242,3.984296575975e-06,0.0038728394504101015,158884.97640987835,0.15204625320278403,0.4480129638387972,0.7424048745665732
13,268,nagaland,longleng,0.33124726306831614,0.0,0.0,43491.0,0.1949410920396332,0.4549663439350846,0.5340130796665782
13,269,nagaland,kiphire,0.32926308952791744,6.463539754147674e-06,0.0002704164403122523,67362.0,0.11541921696299304,0.4066210550914372,0.711909427713865
13,270,nagaland,kohima,0.3209049679669924,4.651872428518478e-06,6.668444763383043e-05,135429.0,0.4005855011840456,0.6547226309707428,0.5162557684335299
13,271,nagaland,peren,0.2909601311339545,0.0,3.419855586540494e-05,80703.0,0.19052051074875073,0.6097142296174147,0.32868261132767207
14,272,manipur,senapati,0.28752313998290746,0.0014013796895533217,0.0011893712301628845,211546.2778667521,0.2958364292021632,0.6211620452924551,0.18976190908465168
14,273,manipur,tamenglong,0.33119217315352106,1.4481001466243374e-05,0.0,123986.0,0.2824936862141184,0.5940181633102851,0.1494967234335812
14,274,manipur,churachandpur,0.32563762964074033,0.0006955755793395965,0.0,252408.25591715975,0.3153337433863081,0.6527422175242492,0.09070869528276106
14,275,manipur,bishnupur,0.013014436721040615,0.04554733820354475,0.0,152680.0,0.2889285059240849,0.6260407184777053,0.37949333331831125
14,276,manipur,thoubal,0.008668036669838494,0.013675223350825636,0.0,260215.0,0.2911165634258872,0.6297475364768789,0.40438006145303096
14,277,manipur,imphal west,0.004476499833755442,0.03126024787124354,0.0,198271.0,0.306891028027873,0.7151311515893751,0.24725372910056517
14,278,manipur,imphal east,0.026141448640383484,0.02698336387064007,0.0,270577.0,0.29827372520981776,0.6629575285860287,0.2816592481548107
14,279,manipur,ukhrul,0.3303555734593815,5.9203350358481345e-05,0.0,167331.0,0.29412351997216346,0.6331020378541108,0.4621366981078825
14,280,manipur,chandel,0.3293353896581502,0.0014598110955844625,0.0,132248.0,0.34648494802461927,0.6283473885547997,0.12838714161789516
15,281,mizoram,aizawl,0.3326846169877026,0.0,0.0060721709946862,2739.0,0.4466019552888222,0.77364000805367,0.2310679574614589
15,281,mizoram,kolasib,0.315487171301728,0.0015963306971941,0.0,5364.0,0.3369862995735586,0.5098806761176028,0.2511415558318569
15,281,mizoram,lawngtlai,0.3333333432674408,0.0,0.0,2056.0,0.2727272662413678,0.7320039099524457,0.7382920325294999
15,281,mizoram,mamit,0.3261019056992587,0.00038487406413958226,0.026590666908316983,66077.0,0.22805775993041583,0.6158533768580079,0.34851979852975146
15,282,mizoram,kolasib,0.29662102037350363,0.009640573068702517,0.006422284705143774,35360.2778372591,0.20038652130169,0.549302708039376,0.25403666850126705
15,283,mizoram,aizawl,0.3328720897089772,0.0003097425093680222,0.023263613433666976,34362.0,0.2097425437551454,0.7797691574052938,0.26769730887511906
15,283,mizoram,mamit,0.3114649036643055,0.0006819682017206,0.0606703022257733,2356.0,0.3804780970294162,0.7763157682730507,0.392430261311778
15,284,mizoram,champhai,0.3330863172031311,4.708858631853855e-05,0.003817107831408454,71406.0,0.17085839803498912,0.6735445634428278,0.10561474634289562
15,285,mizoram,serchhip,0.33280410844346753,9.629590836676958e-05,0.0,20079.0,0.2306839799022545,0.6701674357704495,0.09004456355519914
15,286,mizoram,lunglei,0.33190153027414115,0.0006678772681771228,0.003404261314107403,83199.0,0.16807277944117235,0.5292352422263048,0.12428779788522956
15,287,mizoram,lawngtlai,0.33318736404180527,5.9662113252904626e-05,0.011003827154463911,70050.0,0.12541476175678218,0.24362478828246048,0.23413698353177834
15,287,mizoram,mamit,0.3333333432674408,0.0,0.0,476.0,0.0729166665114462,0.827731074906197,0.3333333227783441
15,288,mizoram,kolasib,0.32580330607857444,0.0,0.0,3676.2778372591006,0.3618261786387827,0.7584094964953327,0.5517395104008509
15,288,mizoram,saiha,0.3323941931128502,9.70798802882175e-05,0.006006614171201352,23595.0,0.22817296207483326,0.6189229871310068,0.258594060433282
16,289,tripura,west tripura,0.17418499688798542,0.04247920304481884,0.1743159026022394,133290.0,0.16456937184808113,0.5622805348441635,0.3210452378078536
16,290,tripura,south tripura,0.18723325430050086,0.03439773133627161,0.15561899928298142,87784.0,0.18425508926368087,0.5237922873901223,0.39544579909345895
16,291,tripura,dhalai,0.24014117566241333,0.04539481408153372,0.27536975156423155,44246.0,0.10234603573993217,0.3933562316910068,0.2529867584280747
16,292,tripura,north tripura,0.13560987762593435,0.035997174778775315,0.21404141517039874,92637.0,0.13879992076011458,0.5049732578335879,0.36758588399874886
17,293,meghalaya,south garo hills,0.3333333432674408,0.0,0.0,1125.0,0.08341585516547544,0.39058878237190897,0.4701031532031208
17,293,meghalaya,west garo hills,0.3063384617615691,0.003226549370014191,0.0004000120973698418,507973.447848762,0.1385131468362299,0.4906867347034571,0.419323349471896
17,294,meghalaya,east garo hills,0.3318931681067904,0.0013339328363901068,0.0030843793909509447,234131.92024634438,0.1268900062333445,0.46992356151094655,0.2868788679059056
17,294,meghalaya,west khasi hills,0.3333333432674408,0.0,0.0007783882609899333,4123.0,0.23737484364555428,0.316058559309459,0.188064714002813
17,295,meghalaya,south garo hills,0.3306559659199709,0.0011995594896000632,0.0,86781.50992985118,0.20276445660986928,0.4794789968046658,0.2611374206033599
17,295,meghalaya,west garo hills,0.3333333432674408,0.0,0.0,3396.8698315912707,0.1984466753432013,0.5215178970425474,0.3712448724087623
17,296,meghalaya,west khasi hills,0.33265897271769446,0.00012236646643891516,0.0007711406701557814,213397.97402219102,0.19991359713320178,0.403214908026707,0.2916442615236042
17,297,meghalaya,east khasi hills,0.3333333432674408,0.0,0.0,329.91922760009766,0.375,0.7530864477157593,0.0
17,297,meghalaya,ribhoi,0.3099399027348363,0.006164252051827865,0.000571812050524675,164405.04300536987,0.2077068167450931,0.4084442573238271,0.34386599839763765
17,298,meghalaya,east khasi hills,0.3317613142199558,0.0005893965148564081,0.00033095231844876993,147496.9192276001,0.12306821626142142,0.500995511182171,0.19442112013374024
17,298,meghalaya,ribhoi,0.1622226769809368,0.0023304752948941,0.0,3079.0,0.4833887138239965,0.6355959780613453,0.0232558132727874
17,299,meghalaya,jaintia hills,0.32977825366025676,0.00019351855022246806,2.8977107976664706e-05,96827.0,0.37599693346253427,0.29597495399834833,0.178410872623008
18,300,assam,kokrajhar,0.1448013573776889,0.007318738810633612,2.2527596725083317e-05,826662.0,0.2017504816719279,0.4996640616492268,0.537318512448662
18,301,assam,dhubri,0.0016675060196080828,0.006401924282360388,0.0,1762617.0,0.14181201017251419,0.35460071697373,0.24151663914234367
18,302,assam,goalpara,0.13669851055763402,0.013412003250330436,0.0,862709.0,0.17972656408065293,0.5570148363173137,0.40592034470715715
18,303,assam,barpeta,0.0078712303856264,0.02216346370841165,0.0,1589920.0,0.21017416468908778,0.5000923661934212,0.3656976284083794
18,304,assam,morigaon,0.0817217872961316,0.06672647204432522,0.0,881691.0,0.16124271222916822,0.5214799637004457,0.5194616167911198
18,305,assam,nagaon,0.0360056554976679,0.05470472392796553,0.0,2448848.0,0.20677057237408905,0.5564198201643676,0.4893137379188341
18,306,assam,sonitpur,0.06063279561605452,0.02051300254620241,0.0,1688423.0,0.20741885824393747,0.5460491834747777,0.5693290154487228
18,307,assam,lakhimpur,0.09972061719252101,0.029162864408876592,0.0,958199.0,0.20691682248410487,0.6308881829159523,0.6374119497000437
18,308,assam,dhemaji,0.16149738734789396,0.026275181018229565,0.0,631874.0,0.1730879418946554,0.5984921817275173,0.7702672261899667
18,309,assam,tinsukia,0.03842750482078242,0.00774005627326135,0.0,1028937.0,0.22378820205395597,0.5403905643700134,0.5195814976948757
18,310,assam,dibrugarh,0.03818882192569159,0.014692990432759359,0.0,1048239.0,0.20928362818791352,0.6222924081743102,0.5822618983562096
18,311,assam,sivasagar,0.019943195268524505,0.01414699067883108,0.0,1033555.0,0.2670438344575814,0.6960003370947491,0.665034688119284
18,312,assam,jorhat,0.06702109799242664,0.02901632876432774,0.0,683172.0,0.23932853734687617,0.6986793882691342,0.5612853239780373
18,313,assam,golaghat,0.0547611208435088,0.018623052003100923,0.0,922194.0,0.1811328340947224,0.6328980620663762,0.6845204492059179
18,314,assam,karbi anglong,0.26900253331281404,0.010668421013191091,0.0,663019.0,0.16666603007359707,0.5170048511869347,0.6414219924216534
18,315,assam,dima hasao,0.30296956909771017,0.002342386802767067,0.0,129483.5961632759,0.17247625955141535,0.5383909822029109,0.3205697026174279
18,316,assam,cachar,0.05146204466482217,0.06979320363532038,0.0,847250.0,0.23419743381559116,0.562317889749152,0.2677928165100731
18,317,assam,karimganj,0.0062757970955240406,0.06505727666339,0.0,1116096.0,0.24975600591338573,0.5677429209410019,0.3041209890946716
18,318,assam,hailakandi,0.015626253462486108,0.045368203098052895,0.0,619599.0,0.19271691187069967,0.5912834980854621,0.4480302002503035
18,319,assam,bongaigaon,0.019258566834863083,0.037112869194323626,0.0,624140.0,0.18537581741456458,0.5031692733134147,0.36027155357381707
18,320,assam,chirang,0.1518432066466073,0.026906692664434136,0.0,368833.0,0.22700725508400718,0.5137093948989032,0.5739944090496178
18,321,assam,kamrup,0.09176662803502611,0.01655961540303605,0.0,1370734.0,0.2416469213422335,0.6301686104239578,0.487566864702309
18,322,assam,kamrup metropolitan,0.13450558586572742,0.04651201358366826,0.0,190911.0,0.33055050875597375,0.631378186679391,0.39404124364893756
18,323,assam,nalbari,0.011481576829889914,0.025573076489828834,0.0,684481.0,0.31266023644179536,0.6853645215159107,0.4165825604367587
18,324,assam,baksa,0.13544358431507791,0.029892334792039996,0.0,954645.0,0.23548743099576436,0.6038448911972512,0.5738518828456115
18,325,assam,darrang,0.0032403271745157633,0.014706943194069375,0.0,856192.0,0.18376449124833333,0.5178367757582042,0.5045637913690247
18,326,assam,udalguri,0.12354099134384715,0.01127782247063405,0.0,782997.0,0.20164181090150618,0.5112256956954356,0.5461930623745481
19,327,west bengal,darjiling,0.1122576818367005,0.08548280479055859,2.1717503699844603e-05,1083624.0,0.1718576148559407,0.574559895877994,0.236636521459843
19,328,west bengal,jalpaiguri,0.09060990783309561,0.168869411410652,0.0008566957359214511,2762484.924752475,0.12669302912747302,0.5186788500955731,0.26580634799217184
19,329,west bengal,koch bihar,0.0032227056995465173,0.24035542308563246,0.0013148407454149232,2546798.0,0.14722467085968294,0.5222066038082602,0.42040043072092537
19,330,west bengal,uttar dinajpur,0.027110443977431103,0.13873647681317516,0.0005859699832152254,2669252.0,0.14020066203795936,0.38079209718789225,0.36021753497440945
19,331,west bengal,dakshin dinajpur,0.07822869664942493,0.12001065923615578,0.00028441311614065684,1440351.0,0.08671411468732032,0.49231228751692074,0.46967079276255014
19,332,west bengal,maldah,0.06444679541920666,0.1155410773600586,0.0,3467965.0,0.12570900912424704,0.3698008786136619,0.3484279682847208
19,333,west bengal,murshidabad,0.010857246577938696,0.06955197589494347,0.00029840153341682634,5865870.549892098,0.1419752643444087,0.46973245278773407,0.24782731302467215
19,334,west bengal,birbhum,0.036972725167164974,0.1342699252454407,0.0001727175367323186,3027723.0,0.10396352113813784,0.49025590291889326,0.2927752780544478
19,335,west bengal,barddhaman,0.0334969968204312,0.12199766419457778,0.000569752963405348,4673502.0,0.1739743866837796,0.5613315330495439,0.3205688285226391
19,336,west bengal,nadia,0.014386416066846566,0.12288606099110687,6.81251390161161e-05,3739673.0,0.1946331890077766,0.5259979601461655,0.2720118115110023
19,337,west bengal,north twenty four parganas,0.012807572391447704,0.1046066454112773,0.0001654719881973552,4285458.0,0.13958147470078733,0.5602787710729161,0.24274497853253185
19,338,west bengal,hugli,0.02657793119025364,0.11901130092817473,6.661571614174864e-05,3374531.0,0.21326052397893241,0.5945617418228819,0.3366771604422716
19,339,west bengal,bankura,0.0617750215431604,0.12577327288220225,0.00015483349594331034,3244918.228813754,0.12892874770878845,0.4547708985362002,0.5230150694513332
19,340,west bengal,puruliya,0.09825516540493688,0.06571520575757167,0.002143053520688923,2531021.0,0.100323914383583,0.4411116082058553,0.6663020635735202
19,341,west bengal,haora,0.0007026805415789498,0.09449231948931636,0.00013118713579101358,1772274.0,0.20877738848750663,0.6301402193370643,0.2347687016166427
19,343,west bengal,south twenty four parganas,0.0040771025431471,0.15022496433687463,0.0008352749041420169,5882765.0,0.15269344623648592,0.562057610283112,0.2258189766122938
19,344,west bengal,paschim medinipur,0.0838195170720865,0.07316731003534147,0.00901135997683183,4813688.219703954,0.11355548281714789,0.538697979566143,0.605580381041084
19,345,west bengal,paschim medinipur,0.0001531434692201,0.0329768310149387,0.0,5473.0,0.240582196986022,0.68207564077102,0.4691780871418241
19,345,west bengal,purba medinipur,0.002048592351218759,0.05377741597659931,8.516284361365049e-05,4395790.0,0.16882458547612939,0.6514875691276808,0.4906770954376376
20,346,jharkhand,garhwa,0.05897832041810034,0.07434887641011076,0.03533283795429865,1184607.0,0.18482039449276563,0.39166008105536027,0.7014585414102278
20,347,jharkhand,chatra,0.018670928220497825,0.14756897261556973,0.005438807317956321,929259.0,0.16246723747888347,0.33227376107831696,0.6616131881794882
20,348,jharkhand,kodarma,0.0070351865497184545,0.04709016976874558,0.002007730177007196,577421.0,0.22218465353519226,0.3435679578417668,0.7123044542392737
20,349,jharkhand,giridih,0.059905325382263896,0.040098061711480025,0.0003724105280323905,2130554.0,0.1903560675959136,0.34428350309833633,0.8278273428575516
20,350,jharkhand,deoghar,0.04993218914908485,0.044221158447671396,0.006751803641151255,1135136.0,0.15662489994301187,0.3969116425774043,0.8357990502397968
20,351,jharkhand,godda,0.12049421349441532,0.027147077680794017,0.0515387948198535,1213074.0,0.16121050052030741,0.29862834749082035,0.5653032051546805
20,352,jharkhand,ranchi,0.1796523437753944,0.0002962049352572,0.0193682089560805,1981.0,0.3728813534907702,0.675921245638407,0.5875706295509122
20,352,jharkhand,sahibganj,0.2242440962489242,0.014199396877127238,0.1135855985109075,856739.0,0.10814360677093499,0.2493133145328779,0.584040578065158
20,353,jharkhand,pakur,0.22806228470579756,0.008654591394416475,0.08375491073729074,784799.0,0.06566074379402631,0.23770519543033988,0.6366616021410936
20,354,jharkhand,dhanbad,0.07734506968917108,0.04306446323494404,0.0038246384497566017,1017201.0,0.17826528728398522,0.4973785720373455,0.7003274023641741
20,355,jharkhand,bokaro,0.07419295459970084,0.05177969660414287,0.00016251302325437578,1070065.0,0.13680149058392485,0.46907290549390224,0.8056325585018222
20,356,jharkhand,lohardaga,0.22753661283326668,0.01442171544106807,0.022157100553493198,431421.0,0.11782760991000346,0.40480291056607304,0.8394963603397168
20,357,jharkhand,purbi singhbhum,0.1755906336154296,0.034058881867243235,0.013583549276659255,907481.0,0.2519944844079924,0.536834001046292,0.5413524210482863
20,358,jharkhand,palamu,0.0366583753041727,0.10228744145785451,0.014144209066535128,1668229.0,0.21706719331536384,0.39971297328021876,0.6778403221649419
20,359,jharkhand,latehar,0.18721068207545705,0.08935124735187024,0.03808291514148881,679616.0,0.0883595766964001,0.35823075968974805,0.8295786836154686
20,360,jharkhand,hazaribagh,0.03895550287650288,0.07926602865270078,0.002822735746262398,1489421.0,0.24395106251073065,0.4667571537068758,0.8233264032532583
20,361,jharkhand,ramgarh,0.10861094623607391,0.026898697096300467,0.001366003118214547,506792.0,0.17976237935142528,0.4525136275794999,0.8063170337086094
20,362,jharkhand,dumka,0.17314613612910482,0.017966785734566695,0.041308325003617655,1098385.0,0.0892958469083021,0.3408122664211052,0.825311576173037
20,363,jharkhand,jamtara,0.12145208886802884,0.034157574343733614,0.005603712500627237,672978.0,0.11746246170572525,0.3443722905927282,0.8375943807107996
20,364,jharkhand,ranchi,0.14170702935531967,0.014525824477461364,0.02273755650566283,1608317.0,0.28177611047521056,0.5378469452213072,0.6638289505712957
20,365,jharkhand,khunti,0.26886695853655757,0.014004842427603251,0.0009003799184848082,441758.0,0.06693001230567622,0.48986059576993324,0.8362824824183295
20,366,jharkhand,gumla,0.18796824890158184,0.01755028227445289,0.011602448267252987,958741.0,0.32707451473391963,0.5617822013972408,0.5855880643323284
20,367,jharkhand,simdega,0.22207848765836405,0.03173144286615638,0.005486785473698718,538312.0,0.2101896753691663,0.5214096143701726,0.7265839193860634
20,368,jharkhand,pashchimi singhbhum,0.2003136329511681,0.02152072800608064,0.004679592582716705,1146532.0,0.4613458835750907,0.5618850449377643,0.258131994399141
20,369,jharkhand,saraikela kharsawan,0.1155234793167982,0.019947695140286107,0.00334769027334127,699834.0,0.2966684619921142,0.5380078758669528,0.5235083177907075
21,370,odisha,bargarh,0.07675874474533748,0.0646676807730144,0.0008168332492054988,1296097.0,0.07004064331329575,0.5158533034266009,0.5262715278082872
21,371,odisha,jharsuguda,0.14115493613789595,0.061830171138967195,5.410611356370675e-06,340202.0,0.10114659361071514,0.5479803098436674,0.5218853214660064
21,372,odisha,sambalpur,0.1621197220801372,0.048401810513553016,0.0008136793168872087,693980.0,0.07999457327195075,0.502106337152625,0.519882319751
21,373,odisha,debagarh,0.14922369828617543,0.04576011429123008,0.008755272369356292,285924.32838589983,0.05984756284137152,0.46921513604007226,0.5243275132560236
21,374,odisha,sundargarh,0.22957765018006754,0.02645958957937525,0.00020643371117776678,1335597.0,0.06831537643843233,0.47900981008814214,0.6653347465227498
21,375,odisha,kendujhar,0.16125575324945185,0.03226699826972225,0.02722627499642785,1501852.1875,0.07788322679833169,0.44919897432060396,0.6917815002762272
21,376,odisha,mayurbhanj,0.21252004973062558,0.02048235265385933,0.002143802663626831,2270740.206225681,0.06508380863086248,0.4340662061936511,0.6176545875372486
21,377,odisha,baleshwar,0.035279544823019135,0.0703218789557873,1.5673956638489935e-05,2019206.0,0.1859206779218293,0.5906767701675519,0.4952772762486017
21,378,odisha,bhadrak,0.0060359029628843,0.0708457102106214,0.01588695365613393,1315298.0,0.172887299973794,0.6551505226389343,0.5856638209376384
21,379,odisha,kendrapara,0.0013049672572218378,0.05877201629053375,0.000352781599123721,1395246.2731277533,0.22769851693559837,0.6683604109901796,0.544099126038489
21,380,odisha,jagatsinghapur,0.0005767976330112777,0.0648647868862741,6.562733551027619e-06,1037644.0,0.22470886605685728,0.7021368069919056,0.6515279243391231
21,381,odisha,cuttack,0.020291450441081528,0.07034287832179509,2.4125044887959526e-06,1840698.0,0.1603583483678168,0.6466345352748206,0.38916264948426715
21,382,odisha,jajapur,0.026381760462945783,0.07826144232288856,0.0012339538757287318,1729916.0,0.15332321272883606,0.612551452289047,0.39777477518690396
21,383,odisha,dhenkanal,0.06723226769790103,0.07040995787605984,0.054155616800552746,1061723.0,0.10334319417575703,0.5162129483990631,0.35934604879144266
21,384,odisha,anugul,0.07613092416367473,0.05913067931073381,0.0024974060894160624,1036693.1418439717,0.0961302309583219,0.5222445311118394,0.5499207414836484
21,385,odisha,nayagarh,0.09026270087703515,0.047573060329807314,0.0014440002690205701,858808.0,0.07495986746322099,0.4954082459923734,0.4236146409330577
21,386,odisha,khordha,0.023413041712872756,0.0459355438174018,0.00032851007954543676,1135679.3534246576,0.15541656392506062,0.6347664789868305,0.3304509543750275
21,387,odisha,puri,0.0010188226618055264,0.06639682291504792,5.126312316861003e-06,1406922.0,0.1267822075803148,0.6595265956032866,0.5739373733880105
21,388,odisha,ganjam,0.06561363717733057,0.06856885362622948,0.013031409660633044,2666300.677747989,0.10378950360596237,0.4341388041281673,0.3276798006378388
21,389,odisha,gajapati,0.13640265758996287,0.006645713318974556,0.40136978298261305,509168.0,0.04625684559836684,0.248611832781421,0.2586231296463574
21,390,odisha,kandhamal,0.23532064558149432,0.04942178241339729,0.029173139982789715,643436.0,0.04417875371185735,0.37019056877897594,0.46065714055559925
21,391,odisha,baudh,0.08148609057433742,0.06797980916957246,0.002142647517701754,386901.0,0.0439276070060889,0.4466987780796794,0.5858648965135217
21,392,odisha,subarnapur,0.04232378572318007,0.08257892339327035,0.0002498926135423276,532379.0,0.07670165544599432,0.5565372270794019,0.5147559768686003
21,393,odisha,balangir,0.08645726005454238,0.060746069152924125,0.000392095705641031,1387805.0,0.04859688490566799,0.39366075681249796,0.49265429050220805
21,394,odisha,nuapada,0.13527400771115697,0.04030623375269849,0.011492128547594778,593341.0,0.05286367252915194,0.376223486610759,0.5874334827679198
21,395,odisha,kalahandi,0.1537500605351225,0.06385612496217745,0.015017383298688855,1350663.0,0.03834562079300876,0.2840128429923983,0.38279638307988795
21,396,odisha,rayagada,0.1378572778587435,0.017166712186579548,0.06618907562812272,776535.0,0.028570789511253917,0.15362750282759147,0.2671774555730979
21,397,odisha,nabarangapur,0.1989112429536445,0.04351815514805886,2.355224081943373e-05,1063205.0,0.0395302793646619,0.24529411189361702,0.5212962548521405
21,398,odisha,koraput,0.21514288523006997,0.03791520604564849,0.0019896721863612112,1056125.0,0.0451739168286088,0.18219409983945586,0.3827284524462292
21,399,odisha,malkangiri,0.269920893766447,0.036558321920144535,0.05309953775807715,500178.0,0.026149909792225295,0.13083716837333892,0.6087879931251469
22,400,chhattisgarh,koriya,0.21317213066538537,0.01718914569067456,0.0593121090886617,423238.0,0.06078540471852862,0.4011773912978693,0.5226976587352432
22,401,chhattisgarh,surguja,0.19207173790653662,0.014462530899104925,0.06439256944747608,2022550.0,0.06768224532494793,0.3746549185434834,0.6419087023075847
22,402,chhattisgarh,jashpur,0.2127462452565267,0.01339400862292342,0.0765879755010128,774763.0,0.0685786719637138,0.4740064350590312,0.7365867188225593
22,403,chhattisgarh,raigarh,0.1237947176797866,0.049729277671174556,0.01053760620489599,1097274.0,0.07866117535099483,0.4978843412091271,0.45799686426903824
22,405,chhattisgarh,janjgir champa,0.0469444878399372,0.0092241801321506,0.0,1617.0,0.0819277092814445,0.3957946896553039,0.6843373775482178
22,406,chhattisgarh,bilaspur,0.0845349207520484,0.0491942353546619,0.0,2092.0,0.0176991149783134,0.5272466540336609,0.1814159303903579
22,407,chhattisgarh,kabeerdham,0.10559818488720558,0.03138134496074527,0.11483365931494742,439603.0,0.1044142507487322,0.3430918120168174,0.5020881295402263
22,408,chhattisgarh,rajnandgaon,0.13061042256119196,0.02714367163136742,0.0077547916554549425,1174991.0,0.0863468550139197,0.4751552552061113,0.6843915703986394
22,409,chhattisgarh,durg,0.061696855005812984,0.0514842528495381,0.0006694349426076663,1839362.0,0.13041985266306394,0.5408201011299277,0.5995286467776779
22,410,chhattisgarh,raipur,0.08289686664067052,0.07050127428355198,0.02747755075838747,2403376.084951456,0.07536924064110592,0.44129365515367935,0.4817947531492032
22,411,chhattisgarh,mahasamund,0.10418869993551783,0.04458375599827439,0.00930974396976679,921856.0,0.07311912759712234,0.4618162118525198,0.4837768437291458
22,412,chhattisgarh,dhamtari,0.15032421353934794,0.02076314396185693,0.030785986902224574,594033.0,0.09915545051769527,0.5038564608539948,0.5683812683222633
22,413,chhattisgarh,uttar bastar kanker,0.22788893517060013,0.009524494618011697,0.002064017527745746,633783.0,0.06401263620404801,0.38902883746845346,0.7470862157426255
22,414,chhattisgarh,bastar,0.24225002675139312,0.006418343565850431,0.0013622705272292152,1166876.0,0.05707266441538157,0.2757860639719216,0.7145606381604558
22,415,chhattisgarh,narayanpur,0.3056640314414751,0.003635693655713444,0.44230647650675925,106841.0,0.03053334868800025,0.14403377753089527,0.814223988533973
22,416,chhattisgarh,dakshin bastar dantewada,0.3031703147554962,0.0017989358118589338,0.0013526435705312778,394547.0,0.034894177634426427,0.10871259761092608,0.5645097740018554
22,417,chhattisgarh,bijapur,0.2998231414586903,0.005468813030577467,0.029508544362747587,207938.0,0.04191410917314296,0.1467527119640507,0.6013305916622246
23,418,madhya pradesh,sheopur,0.08235993723332415,0.04634173409604688,0.09609875196092432,567384.0,0.1801892400940297,0.24053630339160487,0.4332388058634042
23,419,madhya pradesh,morena,0.00466546217550571,0.04935367025295886,0.003972179893087716,1424917.0,0.29339445729391656,0.4063445605383407,0.5996543328864972
23,420,madhya pradesh,bhind,0.001822746867394269,0.04966225433286146,7.983159627349506e-05,969008.0,0.3848059424978348,0.5515988123368225,0.5017395983422394
23,421,madhya pradesh,gwalior,0.017779180179634257,0.06207171347853396,0.01578290949981297,683325.0,0.2850027947320519,0.3797737009193436,0.5250400296067398
23,422,madhya pradesh,datia,0.005642220722313087,0.08186342575583726,0.008144938089241957,595081.0,0.2506641703935966,0.45582195252707575,0.70804000454007
23,423,madhya pradesh,shivpuri,0.0489801647159355,0.04570595043933033,0.07575143010312098,1225485.0,0.16568213192627856,0.27522854355489723,0.5513850630188676
23,424,madhya pradesh,tikamgarh,0.014456835390487891,0.0659497254513292,0.0058407369756396325,1116880.0,0.1704604024558278,0.3317901089084809,0.5553846699615081
23,425,madhya pradesh,chhatarpur,0.02236218095110399,0.06980991521161599,0.01914833164829367,1292774.0,0.1514349560462375,0.32062922249557146,0.5660707726806022
23,426,madhya pradesh,panna,0.07129628513581038,0.05656177040761171,0.015911575233817175,847982.0,0.09168444725282636,0.35290281774045545,0.5071439915742916
23,427,madhya pradesh,sagar,0.04934836146595106,0.06154602339832594,0.017396220763263824,1551361.0,0.10898613581926163,0.4566906071374459,0.4424031581793513
23,428,madhya pradesh,damoh,0.05973543735333004,0.0519911817892477,0.011831866732678466,982593.0,0.09093591795729956,0.38686444316836976,0.38542895098166985
23,429,madhya pradesh,satna,0.06288342935732122,0.048024633858871534,0.0028594429278658716,1634379.714294729,0.17782250808959,0.4740353551448266,0.3783414498462119
23,430,madhya pradesh,rewa,0.035879356016681636,0.03798750090744636,0.00819603855011067,1770488.0,0.30196260632058036,0.4956842825478261,0.4092438742611034
23,431,madhya pradesh,umaria,0.16826668315089685,0.01856255368550906,0.15204925926206564,447143.0,0.08971041523118437,0.40570655580567544,0.5579608088454848
23,432,madhya pradesh,neemuch,0.04850245220168241,0.03411943683791958,0.0012238540474870867,547782.0,0.12256565829318769,0.36577278490966564,0.5599787977466335
23,433,madhya pradesh,mandsaur,0.010971069769439032,0.0644011232269315,0.004096837606703516,1037938.0,0.10565951323991102,0.38766325881880637,0.5810912999857167
23,434,madhya pradesh,ratlam,0.16069428061119304,0.03956637912613853,0.017507433057235823,1001157.0,0.10338881967150615,0.27014866707629853,0.605043179026281
23,435,madhya pradesh,ujjain,0.008126642023008541,0.09741975568673109,0.005718553820217226,1107832.0,0.22161548638779816,0.35031963202011185,0.5297937006776671
23,436,madhya pradesh,shajapur,0.00910381761307786,0.08010058350963377,0.0070993592829781274,1166062.0,0.18345375684933088,0.3755685276336215,0.5407302990797413
23,437,madhya pradesh,dewas,0.07102690410736992,0.0586012649732419,0.014103878091314104,1045303.0,0.1900035917562367,0.37648153135120616,0.48055205656567535
23,438,madhya pradesh,dhar,0.23157615399830275,0.016536273864193898,0.06278272441083765,1572802.0,0.1524691645228728,0.2658534092390791,0.4866317306117951
23,439,madhya pradesh,indore,0.05984739266387813,0.05297580138496964,0.0005718479471030709,769665.0,0.24195621481885304,0.4097580913360379,0.41322375151540053
23,440,madhya pradesh,west nimar,0.1511601796071358,0.03643417689130159,0.005965271357076192,1546560.0,0.1459705066761223,0.3031510401556965,0.3604657052760638
23,441,madhya pradesh,barwani,0.25633686591785027,0.026404305166799008,0.005894388766867704,1112967.0,0.08858016582244754,0.2110012173066235,0.4806744931952753
23,442,madhya pradesh,rajgarh,0.011841616729137442,0.05329226962502695,0.004586259790972091,1076679.0,0.07937921757282008,0.26601759666388697,0.4984343196444116
23,443,madhya pradesh,vidisha,0.017999446213670497,0.05809821811421368,0.01714889080875176,993750.0,0.17855951954183077,0.36971040931184945,0.4454185188931713
23,444,madhya pradesh,bhopal,0.012675763038777097,0.05782814279078483,0.005161894104881171,391109.0,0.15738916691730415,0.41186874331241924,0.386664204193527
23,445,madhya pradesh,sehore,0.0413236320981411,0.0703277313513826,0.014327034064746348,1036846.0,0.18072645022288406,0.40440656009871134,0.4868899704729821
23,446,madhya pradesh,raisen,0.06923554892321675,0.0526577167736286,0.06123077174568637,950876.0,0.19105274947946754,0.43291903949176297,0.4296360067958613
23,447,madhya pradesh,betul,0.1773472946795451,0.025756743564967568,0.14265585174460485,1209588.0,0.091480585352207,0.3882832531877498,0.4970556851775775
23,448,madhya pradesh,harda,0.133569377291236,0.05045576660764075,0.011822527114205677,407127.0,0.2323830613082893,0.40207442721363645,0.4418859690629988
23,449,madhya pradesh,hoshangabad,0.0925235116831757,0.0441214702273187,0.025800027652494485,767425.0,0.2240145095521824,0.44715041049817644,0.4172054753651319
23,450,madhya pradesh,katni,0.11813480141319307,0.030379842116178203,0.0534977147336869,896849.0,0.0922959590416516,0.4186681823205646,0.476697068713675
23,451,madhya pradesh,jabalpur,0.08455956646049732,0.03340153090180788,0.02525117567415955,803297.0,0.1327705169779919,0.507171258503305,0.3398478839942732
23,452,madhya pradesh,narsimhapur,0.066223057655542,0.05129810288652254,0.04177287260917669,726943.0575968223,0.14421783982319564,0.46354707535915196,0.3587434499561821
23,453,madhya pradesh,dindori,0.22514855147847074,0.020770981921120625,0.10410900192342348,589917.0,0.07681085411524294,0.3956916849478,0.5110113260453375
23,454,madhya pradesh,mandla,0.22745182218277496,0.01024554726361281,0.09577906852138003,826680.0,0.06820697065489877,0.41734974803258273,0.48629254872286676
23,455,madhya pradesh,chhindwara,0.18207738761242587,0.029052202683746964,0.09575765666330613,1507691.0,0.12733878631472056,0.44190172206916967,0.5084214592277441
23,456,madhya pradesh,seoni,0.15294239936200205,0.022792806465712412,0.024616397508721258,1014822.0,0.10000466755735099,0.43761206020780624,0.4208313401280734
23,457,madhya pradesh,balaghat,0.12360739065763877,0.016650267448981904,0.03968325205098135,1388364.0,0.08327858474702662,0.4732910869083557,0.4401134294226884
23,458,madhya pradesh,guna,0.0625431826496297,0.037338414686142865,0.04354765809249193,882624.0,0.16584236169221386,0.2624875644566154,0.4977272261185548
23,459,madhya pradesh,ashoknagar,0.03140163329785441,0.06492965244332662,0.08418144047292875,639116.8030127463,0.15180654193227966,0.30920453550049287,0.5364309856400892
23,460,madhya pradesh,shahdol,0.18363505774696437,0.021397833319016898,0.11535493484259476,776127.0,0.09501286869659825,0.3781502719563746,0.5343075944136372
23,461,madhya pradesh,anuppur,0.2067034196504575,0.023760498873436845,0.10860801171021,481430.0,0.1118077284832463,0.4011490977053919,0.6389746838588429
23,462,madhya pradesh,sidhi,0.06586297918976582,0.02187640258348461,0.04807725844975483,987067.0,0.20576923981757533,0.4127269981916584,0.4096115299934492
23,463,madhya pradesh,sidhi,0.0474234484136104,0.0128827476873993,0.0136054418981075,1437.0,0.0510204099118709,0.3994432985782623,0.3027210831642151
23,463,madhya pradesh,singrauli,0.11418159745558147,0.03177955462175843,0.07364698170218617,851330.0,0.13083277781838895,0.3080119320667452,0.39537684509668636
23,464,madhya pradesh,jhabua,0.30597952160023645,0.005404480501062668,0.07767586598006147,932793.0,0.07879097246211891,0.15103150798169873,0.7075390552171892
23,465,madhya pradesh,alirajpur,0.31878454051198174,0.013626430104700734,0.00828459573230774,741299.0,0.054343682675447556,0.09670691331224052,0.7078691249627663
23,466,madhya pradesh,east nimar,0.13822560274628928,0.03671503038746539,0.02234667346986658,988724.0,0.1275349258060816,0.33499663720208517,0.3865907117937597
23,467,madhya pradesh,burhanpur,0.15125139318208675,0.02943768898438429,0.14392593910801224,482361.0,0.1685877531003207,0.3190555377705023,0.2972539502410218
24,468,gujarat,kachchh,0.005356020047270309,0.034773882769405955,5.5198912399217645e-06,1176054.0,0.3089612888043238,0.42351726624821734,0.2978533388763066
24,469,gujarat,banas kantha,0.047055227704545934,0.027333007967250054,0.0,2623555.0,0.29013438282732457,0.4387546597567049,0.5971354383323124
24,470,gujarat,patan,0.0033339447257903247,0.021623950607699418,0.0,1041783.0,0.23600652181112977,0.47669937355536846,0.4374592602103921
24,471,gujarat,mahesana,0.0009936909666586665,0.018012923114071062,0.0,1453152.0,0.26930500709532756,0.5841891898024674,0.5001262979769888
24,472,gujarat,ahmadabad,0.3301168084144592,0.0044015576131641,0.0,1977.0,0.3861386179924011,0.7501264810562134,0.8836633563041687
24,472,gujarat,sabar kantha,0.07716828401832253,0.01652391251898604,0.0006131666024326669,2024492.0,0.2639520023002845,0.616811888095999,0.6780306883373239
24,473,gujarat,gandhinagar,0.004078340695372714,0.007202007095419448,0.0,737497.0,0.2662464023668723,0.6760050543101437,0.46017631940753106
24,474,gujarat,ahmadabad,0.0055822830661955555,0.021419455814998076,0.0018693758082200234,1112325.0,0.28603554298827205,0.5480404736040897,0.3666445877417833
24,475,gujarat,surendranagar,0.0037610506581748455,0.025633534527308835,0.0021122914607647455,1175574.0,0.32143561643035723,0.5002405355431775,0.4227063395017975
24,476,gujarat,rajkot,0.008072533243639901,0.037376634547460805,0.0,1481834.0,0.44812992235137455,0.5903605121196821,0.5601793778769206
24,477,gujarat,jamnagar,0.019567595212878406,0.02200629136013793,0.0,1006263.0,0.38005157157497166,0.5224804032337353,0.5513037611936992
24,478,gujarat,porbandar,0.0712638353626829,0.02500181080117904,0.0,271871.0,0.29766817561834635,0.48848743239344833,0.4205437894473529
24,479,gujarat,junagadh,0.010872457545983805,0.03342239577368979,0.0,1688310.0,0.39143502270028496,0.5919149192625636,0.5090683138866522
24,480,gujarat,amreli,0.002114818889511667,0.02887047071800617,6.308977767144372e-06,1059305.0,0.4262107309645874,0.5308236886367822,0.5209736910160637
24,481,gujarat,bhavnagar,0.001482378737441229,0.01322431164807794,0.0,1454351.0,0.46039763740162465,0.6146161049252338,0.27363419467777605
24,482,gujarat,anand,0.003744519117919582,0.015419331243686002,0.0,1355687.0,0.26455582141331385,0.6409072334896934,0.3801592955102752
24,483,gujarat,kheda,0.004235888834549335,0.0126546511209974,0.0,1702149.0,0.17405612032258602,0.6160067068167734,0.4966622875036181
24,484,gujarat,panch mahals,0.10681141907203189,0.010406937000114427,8.919076278868523e-06,2019333.0,0.19059669378532154,0.5438630101297731,0.7709762863394
24,485,gujarat,dohad,0.24657175998857472,0.003465130424137756,7.40573121512414e-05,1888565.0,0.15972972198459556,0.37532322071597124,0.9027788198098821
24,486,gujarat,vadodara,0.18066308553606847,0.00796661516332323,0.00011016814011439127,1901705.0,0.25377643506073194,0.493131200188893,0.502310293148745
24,487,gujarat,narmada,0.27954567954427506,0.0022444338004049573,0.0060194637933438915,515037.0,0.14992054251016182,0.5098938050581475,0.362007941901715
24,488,gujarat,bharuch,0.14222212935238462,0.006852213020804486,5.375823843502171e-06,890263.0,0.3033536335981404,0.5973020570444294,0.2657363313811725
24,489,gujarat,the dangs,0.3207637581584201,0.00016572235753383607,0.008728921290202816,224901.0,0.1355017979172748,0.4268118113811527,0.5886560368121831
24,490,gujarat,navsari,0.19802657851679534,0.007516717076184759,0.005831848467130686,861657.0,0.21177839375780644,0.6194793563436818,0.4138374370409528
24,491,gujarat,valsad,0.25861736493826787,0.005240546823506722,0.005836733937164773,991343.0,0.18685993650436727,0.4873875050230407,0.4915905458389133
24,492,gujarat,surat,0.2060098603102249,0.0089879884198423,0.004410389296050519,1035403.0,0.26776551909023405,0.5894422540891135,0.3041296269077164
24,493,gujarat,tapi,0.2790521646356432,0.0010588617212415631,0.026554743733991977,711702.0,0.20974371147863652,0.5077051103047503,0.45196188981074614
25,494,daman diu,diu,0.00036850161268375,0.0062470223056151995,0.02398392197210335,40002.86137440505,0.7090202569961548,0.6478423476219177,0.22333739884197706
25,495,daman diu,daman,0.08857509928445019,0.03018364937355118,0.16175759285688399,25528.0,0.5233652184406916,0.7891180952390034,0.19043399374932052
27,497,maharashtra,nandurbar,0.28068924643667875,0.004867544687093982,0.00561866727893725,1351996.0,0.1363018465084963,0.34439558284805183,0.28871224060325307
27,498,maharashtra,dhule,0.14666725249950927,0.013766509544196491,0.002886219454382894,1440743.4017278617,0.22674958013981786,0.48204798655899256,0.4357898239018981
27,499,maharashtra,jalgaon,0.05989222954852629,0.025798091867185444,0.0024253053275360517,2730411.0,0.19085453549503031,0.559579945775486,0.3436688914505431
27,500,maharashtra,buldana,0.02110126537453675,0.06548257016171034,0.0004690887040055613,1889415.0,0.2364793884514447,0.5948661423079589,0.5239411606967026
27,501,maharashtra,akola,0.037448119755905146,0.08747396210688393,0.009753980603716447,1047185.0,0.2161687659948678,0.6214469069024412,0.44300714486602283
27,502,maharashtra,washim,0.02907853437877003,0.06528119661802263,0.001171994059361769,960360.0,0.24835240307430967,0.5862961648979119,0.4838082387306908
27,503,maharashtra,amravati,0.08398536380631835,0.06686343736399668,0.008760863954752108,1780658.0,0.176209185204065,0.6487524824355162,0.394621738120411
27,504,maharashtra,wardha,0.061860669967583416,0.04817462267861888,0.02006656778887776,745242.0,0.21323369205766765,0.6569515322787952,0.46474224320053126
27,505,maharashtra,nagpur,0.06102868928567901,0.052412025925484926,0.05520446181810155,1311969.0,0.14041123960721758,0.6535197105226946,0.38840360370431276
27,506,maharashtra,bhandara,0.037841683670114076,0.053896496314729064,0.02573733106028811,916987.0,0.15270782198926733,0.6559566000877823,0.4866444692941825
27,507,maharashtra,gondiya,0.07634731161759525,0.034224851501926216,0.027935011574774724,977836.0,0.13857199537679973,0.6670587974480134,0.5189661507797398
27,508,maharashtra,gadchiroli,0.2113181031987339,0.02358763864972945,0.0811074332345317,887527.0,0.12765678568103295,0.4419772173484339,0.5030091796075249
27,509,maharashtra,chandrapur,0.09618435068227328,0.041987826033288614,0.0522431915497594,1366788.0,0.15309256737009655,0.5710266354382868,0.44327253405748035
27,510,maharashtra,yavatmal,0.08684862814166663,0.034816159499952745,0.0907260821790726,2011677.6815203147,0.22057938411504355,0.565243705977919,0.40119982711141733
27,511,maharashtra,nanded,0.03419901986794665,0.049691714374374356,0.009325500564102602,2302201.0,0.27808727279564466,0.5448299413892687,0.5766903635073714
27,512,maharashtra,hingoli,0.035235600008418494,0.026950297178714003,0.00043094851113579537,969953.0,0.21813507696082834,0.5280022503208565,0.5983995544028508
27,513,maharashtra,parbhani,0.00755406642933209,0.031574468468963265,3.826697768711585e-05,1264822.0,0.23969499611546835,0.524967123006706,0.6090029712420341
27,514,maharashtra,jalna,0.006863501374165694,0.03886506567622726,0.0057359406148874475,1524430.0,0.2914564341443588,0.5330449518746646,0.6504817639248891
27,515,maharashtra,aurangabad,0.01895789921036178,0.028045370186678974,0.0009463977737011324,2025967.0,0.2751096012018128,0.5806046910430708,0.6126555842605766
27,516,maharashtra,nashik,0.16598430297956004,0.01386315569910527,0.00442427775039439,3340639.0,0.1557272232486274,0.5211852727594223,0.5312769709167553
27,517,maharashtra,thane,0.1706649090882027,0.006449529533058033,0.06122198552074563,2395205.583025321,0.19187995899684798,0.5061019241174126,0.3529516176402919
27,520,maharashtra,raigarh,0.049519103998680696,0.006077101826342538,0.09487168729761017,1552383.0,0.23013332288489702,0.6094718837966958,0.3839721353759789
27,521,maharashtra,pune,0.03373556724960854,0.015003774850360906,0.00989460488275467,3097568.0,0.3783275056570634,0.6413078014519656,0.6822933416898206
27,522,maharashtra,ahmadnagar,0.04100019887091843,0.025466413382537086,0.0006686268405781372,3488304.0,0.2752866261087716,0.6130965064782036,0.6632436917640508
27,523,maharashtra,bid,0.0030452923879769078,0.02619310898512179,0.002454414036535228,1957009.0,0.32875589899100427,0.5100609176445204,0.6575771496932483
27,524,maharashtra,latur,0.008036669461025948,0.054704105573192705,6.423397148595985e-05,1769273.0,0.35030395949637405,0.6054559049802342,0.5582976404828616
27,525,maharashtra,osmanabad,0.0073441462740671095,0.04283423454190551,2.783661081934246e-05,1337046.0,0.30662221696901565,0.584882363926765,0.6141257060473192
27,526,maharashtra,solapur,0.0061697124351853955,0.036194655366646976,0.0006290595378280855,2770788.0,0.2952784021465117,0.6016866671859948,0.5818355201204994
27,527,maharashtra,satara,0.003140882462341284,0.016855525104789867,0.000465635694870429,2299281.0,0.32234627510912556,0.6464219489715853,0.7095595345255734
27,528,maharashtra,ratnagiri,0.0014237238722564526,0.004400669592339684,0.003277491857253052,1310226.0,0.14992228284682513,0.6550514466965595,0.5000700552571079
27,529,maharashtra,sindhudurg,0.003028945068169529,0.013160116459549672,0.00034704341007438363,709372.0,0.21714564605829315,0.7298510284344644,0.4838879385090648
27,530,maharashtra,kolhapur,0.0016154439170914222,0.02806950145141171,6.296313632924808e-05,2554359.0,0.34117031390789976,0.6241720329162613,0.7285170287878179
27,531,maharashtra,sangli,0.0011926468143927677,0.025361427571549175,8.930055454084366e-06,2029440.0,0.38734104675627984,0.6619298580952535,0.7373101356910912
28,532,andhra pradesh,adilabad,0.11136205321801683,0.06230891735790809,0.021398759978270832,1730946.0,0.12942846096317656,0.3784237701601565,0.5230273113951642
28,533,andhra pradesh,nizamabad,0.02875959575399792,0.04312931803491188,0.0,2159663.0,0.4883431356358095,0.4654683293625583,0.45489926689786414
28,534,andhra pradesh,karimnagar,0.019319182896548243,0.06914115971672063,1.524390266617561e-06,2712357.9832520443,0.18616770859665252,0.48684833114601983,0.43200807809400543
28,535,andhra pradesh,medak,0.01745281007767035,0.056053119303378314,1.4578030609032351e-05,2485641.3412517286,0.21938184327876367,0.46513471827537073,0.5932634773030251
28,537,andhra pradesh,rangareddy,0.029034662256146516,0.07345108965635976,0.0006919249231701223,1545998.0,0.17224354269807493,0.4753170444205069,0.5430762235076977
28,538,andhra pradesh,mahbubnagar,0.02963461452150634,0.05513961636954977,0.0014172961908921074,3117147.0,0.1997627079558355,0.3983812535429129,0.5822871877981693
28,539,andhra pradesh,nalgonda,0.034230723826093074,0.060696677347443856,0.00020941576767060364,2798861.0,0.16145057520930686,0.47229657987291257,0.47387725944598746
28,540,andhra pradesh,warangal,0.07734571672542964,0.0527857980765256,0.0005707225904474506,2468344.0,0.1402912179961391,0.4772154213611953,0.5517384187469542
28,541,andhra pradesh,khammam,0.1298311735114926,0.0527218581909134,0.00013703999918976393,1834629.0,0.20526800162171963,0.4256459895372999,0.4109776961056468
28,542,andhra pradesh,srikakulam,0.04831869623981078,0.030252094129840576,0.0001693077071007065,2080427.300633969,0.17922335321628724,0.4416850297699696,0.3942143221430973
28,543,andhra pradesh,vizianagaram,0.10312124809872661,0.024600300710479445,0.04533460827756129,1807885.0,0.13496181866507143,0.3494037574415651,0.3783009611885667
28,544,andhra pradesh,visakhapatnam,0.1959497735876949,0.01809099007630017,0.0032879729227019896,2154085.0,0.11819749799436556,0.28205862659071196,0.5379291709207958
28,545,andhra pradesh,east godavari,0.12594885164757466,0.04262832361333666,0.2821182524244399,3736852.636544402,0.08344226264833686,0.4549728453640564,0.3014170628309074
28,546,andhra pradesh,west godavari,0.029367843039338072,0.07879245699031527,0.023345195891999865,2944567.0,0.22587453343715486,0.5194899005704946,0.2519935839326835
28,547,andhra pradesh,krishna,0.009952328048279191,0.09570292567986967,0.0002887213373283116,2623400.0,0.1501451819503391,0.4624093622024984,0.21695505220083142
28,548,andhra pradesh,guntur,0.017805350239516005,0.08400287040025424,0.003368047767548847,3144376.0,0.22245587204224954,0.44674533065419303,0.2315251215080187
28,549,andhra pradesh,prakasam,0.019119845122708916,0.08033516238739144,0.0023033562877423207,2542644.0,0.19930244665690094,0.37893207022108466,0.37396188640277467
28,550,andhra pradesh,sri potti sriramulu nellore,0.03525927322792248,0.0814021971873774,1.7218585849882583e-05,2016838.3176417,0.1837473371990812,0.4138263408538265,0.41652387685611997
28,551,andhra pradesh,nizamabad,0.0153797445207977,0.0642032822265199,0.0,6038.0,0.5448275771500035,0.5529976914994327,0.2095170435495674
28,551,andhra pradesh,ysr kadapa,0.007276044781273813,0.06625190121512384,9.261579303640412e-06,1849045.0,0.20720784236309284,0.4570634042000501,0.3265848469265404
28,552,andhra pradesh,kurnool,0.006103991704946462,0.05855835588152939,0.0030028232513549307,2688790.1605139975,0.22069913256418033,0.3684447197930912,0.3921278794161332
28,553,andhra pradesh,anantapur,0.011879118105519455,0.04368742395399419,1.0855482073763587e-05,2719915.0,0.19724084767980216,0.4628750441843949,0.4733714525494389
28,554,andhra pradesh,chittoor,0.014876344119640894,0.06640883421465682,6.843465311843027e-07,2879430.991876703,0.29035014071613263,0.5178783041474996,0.38878240890585747
29,555,karnataka,belgaum,0.02504532240033448,0.033731175478635606,0.00010357982022784127,574368.0,0.2100113112155341,0.36337180027083893,0.5991415821919873
29,556,karnataka,bagalkot,0.018901445788002985,0.05832956562167198,0.004364127270491733,207458.0,0.2868962738230996,0.3504359407083452,0.585369469225713
29,557,karnataka,bijapur,0.007295491197303786,0.07331087764363775,0.003848827903588917,284571.0,0.2984573344383218,0.34515862274328796,0.6643577016897512
29,558,karnataka,bidar,0.02421642842810167,0.04987629546180621,0.0029209377470202514,476017.0,0.40947514723919753,0.5458222267555537,0.470284709198685
29,559,karnataka,raichur,0.06020179796550937,0.04829140526568577,0.006251636552076476,406454.0,0.5089781696026637,0.39546620355545015,0.6019836896854408
29,560,karnataka,koppal,0.046537920161491386,0.050956122696495465,0.0001933654452889624,254600.0,0.2228557419166785,0.36448481682760653,0.652920486491055
29,561,karnataka,gadag,0.02702689361331067,0.07503147977495246,0.00043083938953713847,115284.0,0.30129523170180617,0.3859222004306503,0.6334864878095686
29,562,karnataka,dharwad,0.017498176813251883,0.028837279785926956,2.888247147727127e-05,118203.0,0.16949514313797714,0.32004932831383526,0.5785091933807437
29,563,karnataka,uttara kannada,0.011022465389874489,0.018092906914997715,6.835783675399255e-06,379483.0,0.2295467216868918,0.3972733456567397,0.5512033115234303
29,564,karnataka,haveri,0.03647473563610144,0.06499613792816639,2.714698162298009e-05,175209.0,0.25475535968973,0.3745580220514073,0.5957505708306959
29,565,karnataka,bellary,0.0752992908423491,0.08146558979368185,3.963660415102381e-05,260190.0,0.2487918683203986,0.36852593300037484,0.560767031260986
29,566,karnataka,chitradurga,0.061603064253436174,0.09276558650788046,7.181772200880449e-05,222687.43724023274,0.20073851062731995,0.4422798110281911,0.6646520645111421
29,567,karnataka,davanagere,0.04888731926150602,0.10190149392966015,0.0003594576301294889,203571.0,0.22450458141131185,0.4614772312488518,0.5881212204041286
29,568,karnataka,shimoga,0.012353193021236102,0.055426534630227044,0.00011810869970052559,160601.0,0.26378286722600075,0.46693686515525895,0.54419358579424
29,569,karnataka,udupi,0.01571540630101765,0.017796950583154312,0.008238600358884572,325921.0,0.40897334063257784,0.6145535915962105,0.5098316362247575
29,570,karnataka,chikmagalur,0.015417745228587354,0.07622337297375066,2.9076069416799356e-05,136592.0,0.294211122871212,0.5681009748687972,0.5523924057428115
29,571,karnataka,tumkur,0.02381228116062073,0.05920676671771911,0.001387657360847756,275282.0,0.2150270229053569,0.46873064930364994,0.7084425582734759
29,572,karnataka,bangalore,0.01098994561757805,0.08902118544346038,0.000275810179643002,280765.0,0.3328438220909365,0.6448594849977124,0.24376762191331836
29,573,karnataka,mandya,0.004042209575875794,0.043565763186362697,7.082781511334228e-05,207919.0,0.26467521711059944,0.5002987847158058,0.7338690064816101
29,574,karnataka,hassan,0.005512373528937657,0.07693382447051181,0.0001538411512096331,182805.5792285634,0.19593521206529702,0.5028382951942381,0.735695333834199
29,575,karnataka,dakshina kannada,0.013890779360689847,0.025001923375659173,0.0024084970256168657,145271.0,0.38580816188215467,0.49764603034532773,0.5829892856429317
29,576,karnataka,kodagu,0.028046261969471475,0.043720079944510604,0.03236367055082368,54824.0,0.3023165012527509,0.5933102050263966,0.4745586060710066
29,577,karnataka,mysore,0.036025738718912105,0.07636985892159058,0.018610242576818696,275872.0,0.39511205427964374,0.5050260596867178,0.5455490864849438
29,578,karnataka,chamarajanagar,0.03054494595284522,0.09039846095630137,0.011242257816374708,156829.0,0.23810108549227085,0.45503754998760815,0.5280374786111324
29,579,karnataka,gulbarga,0.005642277796468434,0.09047589669533318,0.0008520395891651781,424733.0,0.5280725809048901,0.4351985021782311,0.6295471521528587
29,580,karnataka,yadgir,0.04123470222279697,0.07965213130103846,0.005843493249416586,254626.7430185127,0.45062484783438855,0.3155762025027767,0.7047685388292576
29,581,karnataka,kolar,0.02447550948582284,0.1043507103145904,0.0004480198113526945,182836.0,0.26305139495190766,0.4902631351427593,0.5995761089504036
29,582,karnataka,chikkaballapura,0.04752693583849108,0.09588001752826969,0.005972214124766055,167468.0,0.23057786773206618,0.45717018920328206,0.6496406408187174
29,583,karnataka,bangalore rural,0.018309413228460854,0.08604364791393648,1.3696871762878487e-05,179856.0,0.2916712271453124,0.5527146709876344,0.5616694604005313
29,584,karnataka,ramanagara,0.011488819928504113,0.07860256771764133,0.008972822002956985,141320.13754851356,0.22943082556058095,0.46885799445317283,0.5956819216467457
30,585,goa,north goa,0.019226502089797103,0.006854569599338282,0.0,304278.0,0.4792635268432663,0.7501684275079281,0.2440343920266543
30,586,goa,south goa,0.09490776249103804,0.0019622772487941247,0.0,205910.0,0.5137234583553922,0.7435501884413129,0.1788624910822579
33,602,tamil nadu,thiruvallur,0.010795025926370164,0.14335761755717466,0.024986186952735003,381500.0,0.17911424032571885,0.5836817500894671,0.14550592504485788
33,604,tamil nadu,kancheepuram,0.007461067542765319,0.16331382108364173,0.022354043344155763,403412.0,0.21059713488010962,0.5537784160718173,0.16345360599593048
33,605,tamil nadu,vellore,0.010215180362373533,0.09651087016508773,0.010192568239604053,455360.0,0.16679158676014033,0.561183589282182,0.28391594463404557
33,606,tamil nadu,tiruvannamalai,0.02025368247939351,0.08736753104743979,0.015482392104869734,396230.0,0.13852713709528292,0.48214789576734074,0.4126673369572206
33,607,tamil nadu,viluppuram,0.015086987277112206,0.12030960137555273,0.002679062859000845,698340.0,0.17213106299753825,0.5572647482708648,0.3883577565466216
33,608,tamil nadu,salem,0.064569854103531,0.05591144756733733,0.00025633026829089225,260879.0,0.19192034531260654,0.5100466481874703,0.3642300645363467
33,609,tamil nadu,namakkal,0.030911241744415483,0.08322412027740264,0.00036193376189380845,130214.0,0.25044877774395874,0.5202120584299315,0.32394778026724685
33,610,tamil nadu,erode,0.0035895055696260857,0.06939565931992624,0.00016647698103172833,204558.0,0.22681414488849888,0.5245530091519851,0.29475590267542445
33,611,tamil nadu,the nilgiris,0.06614903799326825,0.08608766583104928,0.1749419537343037,44756.0,0.1750004803164838,0.6108007927735647,0.2659662461433655
33,612,tamil nadu,dindigul,0.0012918930377281792,0.08296706054716196,0.000109623292337345,266353.0,0.18472408418165287,0.5602873628493399,0.2997500578087056
33,613,tamil nadu,karur,0.0005094186364052146,0.08373894464156104,0.0016061004625181781,87698.0,0.1972061959595843,0.49982131678221786,0.32843563803226145
33,614,tamil nadu,tiruchirappalli,0.004431657759507843,0.07424262311514147,0.0018976479739027015,259325.0,0.1643436025976668,0.5610718762654886,0.3728082257554535
33,615,tamil nadu,perambalur,0.0013882811598055537,0.09699441907328685,0.0006833618706358263,91671.0,0.1516850846586749,0.5389611239944185,0.5102586744752313
33,616,tamil nadu,ariyalur,0.005492757232665281,0.07866482336162257,0.014595396715871253,113826.0,0.1823763008335156,0.4933784282945016,0.41232340540733914
33,617,tamil nadu,cuddalore,0.002728306054014635,0.15216521906209582,0.0021708206192344263,462247.0,0.17044273381232747,0.5382278068822884,0.27331548367960834
33,618,tamil nadu,nagapattinam,0.000662817539116883,0.16302578408621463,0.000418227970609004,360950.4832444002,0.1854298969260211,0.61240232209429,0.17881954468627323
33,619,tamil nadu,thiruvarur,0.0006083718098164397,0.15727632323848292,3.893239515775145e-05,242062.0,0.1577165556225423,0.6158789957688608,0.2008934341210564
33,620,tamil nadu,thanjavur,0.0003272843907069425,0.08958616759672798,6.277341773355524e-06,343249.0,0.19320691831905915,0.5862347263037535,0.22876926141788193
33,621,tamil nadu,pudukkottai,0.0003853866769933828,0.069211164363993,9.640306722815384e-06,255837.0,0.16359482661892588,0.45636643868509214,0.43072985317492923
33,622,tamil nadu,sivaganga,3.606589238166639e-05,0.07288289127816311,9.854796002082737e-06,202271.0,0.1502312086536438,0.5713068880511089,0.4078685667759384
33,623,tamil nadu,madurai,0.000641722380699679,0.08235055765754531,0.00018253157261338246,249821.0,0.209658686901728,0.6075920207806891,0.20711786387610917
33,624,tamil nadu,theni,0.0034706191245043984,0.08211495723718633,0.0,81306.0,0.2631160174854673,0.5940740070281885,0.12935616756574467
33,625,tamil nadu,virudhunagar,0.00022054223803621493,0.11243795195572891,8.675126644033069e-05,165825.0,0.16365129827049954,0.5343222750122087,0.26572477821977564
33,626,tamil nadu,ramanathapuram,0.00022106747848680462,0.09194775784526524,2.6030617269541114e-06,378206.0,0.2026168281800393,0.6367665050200505,0.40954342214588263
33,627,tamil nadu,thoothukkudi,0.00044803162821889725,0.1159393162434087,7.506076127312833e-05,201698.0,0.19530119277816413,0.55730732005251,0.3004533592981389
33,628,tamil nadu,tirunelveli,0.0007433337431225537,0.09346485474136972,0.00039617540670660087,319271.75360350806,0.17820423447981618,0.5399948699638177,0.217161769298969
33,629,tamil nadu,kanniyakumari,0.02200674499610613,0.023415301181375955,0.00028957883478141795,136770.0,0.372945908755064,0.7124708777666092,0.11074281697627156
33,630,tamil nadu,dharmapuri,0.029022899988895092,0.07060506203042147,0.010590406540081039,210870.0,0.22905508937021724,0.4449963575875492,0.48435515877691915
33,631,tamil nadu,krishnagiri,0.005237622086552848,0.05884783149273177,0.0023251160475328916,279440.0,0.1998409325185626,0.4790416183235409,0.46117801172742706
33,632,tamil nadu,coimbatore,0.006933117555542226,0.0793649283125733,0.0009467526331306666,155100.0,0.2945413839089561,0.5546150725545749,0.20993739917417462
33,633,tamil nadu,tiruppur,0.001194301171316357,0.0882348077444169,5.424776476062667e-05,189929.0,0.18853599685221153,0.5184079202103331,0.2659241549284026
34,635,puducherry,puducherry,0.0,0.10371503796587572,0.0006008440827680402,270139.0,0.2197941217210985,0.6994842819629177,0.05962997637013154
34,637,puducherry,karaikal,0.0,0.07634045955325873,5.4945054996225e-05,96028.0,0.3085192042802061,0.6898732568536486,0.08003300874094876
35,638,andaman nicobar islands,nicobars,0.2762421884645636,0.0,0.004000743553758809,35812.0,0.21416585436807228,0.6392863099391644,0.30226361288760717
35,639,andaman nicobar islands,north middle andaman,0.0029974967763548087,0.0,0.004809023384056283,106214.0,0.36761939859542564,0.6128253651916652,0.20079138003372027
35,640,andaman nicobar islands,south andaman,0.009621788260472684,0.0,0.00911627596049813,94545.0,0.5268330645105503,0.7170235887893195,0.14196158269221343
